source,pub_time,title,content,url
东方财富-证券时报网,2026-06-05 14:43:00,立讯精密成交额超150亿元,数据宝统计，截至14:27，立讯精密成交额150.22亿元，超150亿元。最新股价下跌7.88%，换手率2.91%。上一交易日该股全天成交额为108.24亿元。（数据宝）　　注：本文系新闻报道，不构成投资建议，股市有风险，投资需谨慎。 （文章来源：证券时报网）,http://finance.eastmoney.com/a/202606053761907574.html
东方财富-证券时报网,2026-06-03 11:00:00,立讯精密成交额超100亿元,数据宝统计，截至10:27，立讯精密成交额100.17亿元，超100亿元。最新股价上涨3.66%，换手率1.80%。上一交易日该股全天成交额为167.48亿元。（数据宝）　　注：本文系新闻报道，不构成投资建议，股市有风险，投资需谨慎。 （文章来源：证券时报网）,http://finance.eastmoney.com/a/202606033758756530.html
东方财富-证券时报网,2026-06-03 14:11:00,立讯精密成交额超上一日全天,数据宝统计，截至14:01，立讯精密成交额167.57亿元，超上一日全天。最新股价上涨1.49%，换手率3.01%。上一交易日该股全天成交额为167.48亿元。（数据宝）　　注：本文系新闻报道，不构成投资建议，股市有风险，投资需谨慎。 （文章来源：证券时报网）,http://finance.eastmoney.com/a/202606033758892546.html
东方财富-东方财富Choice数据,2026-06-03 16:38:26,大宗交易：立讯精密成交5236.00万元（6-3）,2026年6月3日，立讯精密发生1笔大宗交易，共成交70.00万股，成交金额5236.00万元。该笔大宗交易成交均价74.80元，较该股当日收盘价74.80元持平。其中，机构席位买入70.00万股，成交额5236.00万元。免责声明：本文基于AI生产，仅供参考，不构成任何投资建议，据此操作风险自担。东方财富发布此内容旨在传播更多信息，与本平台立场无关。东方财富力求但不保证数据的完全准确，如有错漏请以中国证监会指定上市公司信息披露媒体为准，东方财富不对因该资料全部或部分内容而引致的盈亏承担任何责任。用户个人对服务的使用承担风险，东方财富对此不作任何类型的担保。,http://stock.eastmoney.com/a/202606033759045222.html
东方财富-证券时报网,2026-06-03 17:12:00,立讯精密大宗交易成交5236.00万元，买卖双方均为机构专用席位,立讯精密6月3日大宗交易平台出现一笔成交，成交量70.00万股，成交金额5236.00万元，大宗交易成交价为74.80元。该笔交易的买卖双方均为机构专用席位。　　进一步统计，近3个月内该股累计发生21笔大宗交易，合计成交金额为18.83亿元。　　证券时报·数据宝统计显示，立讯精密今日收盘价为74.80元，上涨1.08%，日换手率为3.63%，成交额为200.74亿元，全天主力资金净流入3.56亿元，近5日该股累计上涨4.48%，近5日资金合计净流入26.24亿元。　　两融数据显示，该股最新融资余额为68.56亿元，近5日减少2.07亿元，降幅为2.94%。（数据宝）　　6月3日立讯精密大宗交易一览 成交量（万股）成交金额（万元）成交价格（元）相对当日收盘折溢价（%） 买方营业部卖方营业部70.005236.0074.800.00机构专用机构专用　　注：本文系新闻报道，不构成投资建议，股市有风险，投资需谨慎。 （文章来源：证券时报网）,http://finance.eastmoney.com/a/202606033759092675.html
东方财富-财中社,2026-06-02 19:04:00,立讯精密已回购990万股 金额达5亿元,6月2日，立讯精密（002475）发布公告，截至2026年5月31日，公司已回购990万股，占总股本的0.14%，回购成交价格区间为50.14元/股至50.91元/股，成交总金额为5亿元。　　2026年一季度，立讯精密实现收入838.88亿元，归母净利润36.60亿元。（文章来源：财中社）,http://finance.eastmoney.com/a/202606023757686629.html
东方财富-东方财富Choice数据,2026-06-02 16:32:51,大宗交易：立讯精密成交1567.32万元（6-2）,2026年6月2日，立讯精密发生2笔大宗交易，共成交21.18万股，成交金额1567.32万元。2笔大宗交易成交均价74.00元，较该股当日收盘价74.00元持平。其中，机构席位买入21.18万股，成交额1567.32万元。免责声明：本文基于AI生产，仅供参考，不构成任何投资建议，据此操作风险自担。东方财富发布此内容旨在传播更多信息，与本平台立场无关。东方财富力求但不保证数据的完全准确，如有错漏请以中国证监会指定上市公司信息披露媒体为准，东方财富不对因该资料全部或部分内容而引致的盈亏承担任何责任。用户个人对服务的使用承担风险，东方财富对此不作任何类型的担保。,http://stock.eastmoney.com/a/202606023757572483.html
东方财富-证券时报网,2026-06-02 17:37:00,立讯精密发生2笔大宗交易 合计成交1567.32万元,立讯精密6月2日大宗交易平台共发生2笔成交，合计成交量21.18万股，成交金额1567.32万元。成交价格均为74.00元。从参与大宗交易营业部来看，机构专用席位共出现在2笔成交的买方或卖方营业部中，合计成交金额为1567.32万元，净卖出567.58万元。　　进一步统计，近3个月内该股累计发生20笔大宗交易，合计成交金额为18.31亿元。　　证券时报·数据宝统计显示，立讯精密今日收盘价为74.00元，上涨4.65%，日换手率为3.20%，成交额为167.48亿元，全天主力资金净流入7.61亿元，近5日该股累计上涨2.14%，近5日资金合计净流入16.40亿元。　　两融数据显示，该股最新融资余额为68.78亿元，近5日减少3.05亿元，降幅为4.25%。　　6月2日立讯精密大宗交易一览成交量（万股）成交金额（万元）成交价格（元）相对当日收盘折溢价（%） 买方营业部卖方营业部13.51999.7474.000.00机构专用机构专用7.67567.5874.000.00中信证券股份有限公司上海分公司机构专用（文章来源：证券时报网）,http://finance.eastmoney.com/a/202606023757641677.html
东方财富-证券日报,2026-06-02 20:39:00,立讯精密：截至2026年5月31日累计回购公司股份9900600股,证券日报网讯 6月2日，立讯精密发布公告称，截至2026年5月31日，公司通过股份回购专用证券账户以集中竞价方式回购公司股份9，900，600股，占公司总股本的比例为0.14%，最高成交价50.91元/股，最低成交价50.14元/股，成交总金额499，946，537.83元（不含交易费用）。（文章来源：证券日报）,http://finance.eastmoney.com/a/202606023757804156.html
东方财富-南方都市报,2026-06-01 09:33:08,立讯精密收购闻泰科技部分业务未依法申报，被罚90万元,5月27日，南都湾财社记者从国家市场监督管理总局获悉，5月21日，市场监管总局对立讯精密工业股份有限公司（以下简称“立讯精密”）收购闻泰科技股份有限公司（以下简称“闻泰科技”）部分业务违法实施经营者集中案作出行政处罚决定，并于今日正式公布行政处罚决定书。经调查认定，本次交易构成违法实施经营者集中，但不具有排除、限制竞争效果，综合考虑从轻情节后，市场监管总局最终决定对立讯精密处以90万元罚款。 　　截至发稿，立讯精密尚未就本次行政处罚公开回应。　　根据行政处罚决定书披露内容，本次交易标的为闻泰科技旗下三家全资子公司——嘉兴永瑞电子科技有限公司、上海闻泰电子科技有限公司、上海闻泰信息科技有限公司的全部股权，对应业务为闻泰科技部分电子产品代工服务。2025年1月23日，立讯精密通过全资子公司与闻泰科技下属企业签署股权转让协议，并于1月26日至27日先后完成三家目标公司的股权变更登记，立讯精密间接取得目标业务100%股权并实现单独控制。 　　市场监管总局经核查认定，本次交易符合《中华人民共和国反垄断法》第二十五条对经营者集中的定义，且交易双方2024年营业额已达到国务院规定的申报标准，属于应当事先申报的情形。根据《反垄断法》第二十六条规定，“经营者集中达到国务院规定的申报标准的，经营者应当事先向国务院反垄断执法机构申报，未申报的不得实施集中”。立讯精密在完成股权交割、实施经营者集中前，未依法向反垄断执法机构申报，违反上述法律规定，已构成违法实施经营者集中。　　针对本次交易对市场竞争的影响，市场监管总局依据《反垄断法》第三十三条开展竞争评估，最终认定本项集中不会产生排除、限制竞争的效果。据了解，本次收购涉及的闻泰科技电子产品代工业务，主要覆盖安卓系手机、平板、笔记本电脑等智能终端的ODM研发与制造，本次交易本质为产业链正常整合，并未改变市场竞争结构，也不会产生限制竞争的影响。　　在行政处罚裁量环节，市场监管总局依据《反垄断法》第五十八条、第五十九条以及《违法实施经营者集中行政处罚裁量权基准（试行）》相关规定，综合考虑了违法行为的性质、程度、持续时间和整改情况。查明显示，立讯精密在市场监管总局掌握该违法事实前，已于2025年2月17日主动提交说明材料，报告了本次交易涉嫌违法实施经营者集中的情况，符合从轻处罚的情形；同时，立讯精密在发现程序问题后积极整改，及时完善了企业内部反垄断合规管理制度并推动落地实施。基于上述情节，市场监管总局最终作出对立讯精密罚款90万元的行政处罚决定。　　公开资料显示，立讯精密是国内消费电子精密制造龙头企业，主营业务覆盖消费电子、通信及数据中心、汽车、医疗等领域的零组件、模组及系统集成业务，长期为苹果公司提供核心零部件与组装服务，是苹果供应链的核心供应商。本次收购完成后，立讯精密将快速获得成熟的安卓系智能终端整机设计制造能力，补齐非苹果产业链业务短板，推动形成苹果、安卓双客户体系的均衡布局，进一步降低客户集中风险。　　作为国内精密制造龙头企业，本次被罚也引发市场对公司近期业绩表现的关注。根据立讯精密今年4月披露的2025年年度报告，公司全年业绩实现稳健高增，核心财务指标均创下历史新高。2025年，立讯精密全年实现营业收入3323.44亿元，同比增长23.64%，连续三年保持两位数增速；归母净利润达到166亿元，同比增长24.20%，增速略高于营收增速，盈利水平稳步提升；扣非归母净利润141.69亿元，同比增长21.16%。　　从业务结构来看，立讯精密近年来推进多元化战略转型成效显著，已形成消费电子为基本盘，汽车电子、通信及数据中心为新增长极的业务布局。2025年，公司传统优势板块消费电子实现营收2642.66亿元，同比增长13.37%，占总营收比重约79.5%，依然是业绩的核心压舱石。受益于全球端侧AI硬件发展的产业机遇，AI手机、AIPC、AR/VR设备对高端精密组件的需求持续升级，立讯凭借SiP系统级封装等技术优势，持续提升高端产品渗透率，本次收购闻泰科技ODM业务后，进一步补齐了安卓智能终端整机设计制造能力，客户结构进一步优化。　　新兴业务板块的爆发式增长成为本次年报最大亮点，其中汽车电子增速最为迅猛，全年实现营收392.55亿元，同比大增185.34%，营收占比提升至11.81%。目前，立讯已完成从零部件供应商向系统解决方案提供商的转型，800V高压连接器、智驾域控制器、智能座舱等核心产品实现大批量产，通过收购整合德国莱尼集团，公司获得了全球主流车企Tier1准入资质，搭建起覆盖欧洲、美洲、北非的属地化制造网络，全球化汽车业务布局已全面落地。此外，通信及数据中心业务也保持高速增长，2025年实现营收245.68亿元，同比增长33.81%，占总营收比重达到7.39%。　　在年报披露后不久，立讯也公布了2026年第一季度财报，延续了稳健增长的态势。财报显示，2026年一季度公司实现营业收入838.88亿元，同比大幅增长35.77%，营收规模实现快速扩张；预计归母净利润区间为36.52亿元—37.13亿元，同比增长20%—22%，业绩增长符合市场预期。对于营收增长，公司表示主要源于销售规模扩大以及本次收购闻泰科技部分业务的合并贡献，显示公司在各核心领域的布局持续落地，全球化交付能力的韧性凸显。　　业内分析认为，本次行政处罚仅针对收购中的程序违法行为，不影响本次交易的整体合法性，也不会对公司正常经营产生实质性影响。目前立讯精密已完成近30个国家超100个生产基地的全球化布局，构建了对冲地缘风险的网状供应链体系，随着汽车电子、AI相关硬件业务的持续放量，公司从单一消费电子代工向全球精密制造平台的转型已逐步进入收获期，长期成长空间有望进一步打开。（文章来源：南方都市报）,http://finance.eastmoney.com/a/202606013755380749.html
东方财富-中国基金报,2026-05-27 17:46:00,立讯精密被罚,【导读】未依法事先申报实施经营者集中，市场监管总局对立讯精密处以90万元罚款的行政处罚　　中国基金报记者张舟　　5月27日，市场监管总局发布立讯精密工业股份有限公司（以下简称立讯精密）收购闻泰科技股份有限公司部分业务违法实施经营者集中案行政处罚决定书，决定对立讯精密处以90万元罚款的行政处罚。 　　根据《中华人民共和国反垄断法》《经营者集中审查规定》，市场监管总局于2025年9月5日对立讯精密收购闻泰科技股份有限公司部分业务涉嫌违法实施经营者集中案立案调查。　　市场监管总局认为，立讯精密在收购闻泰科技部分电子产品代工业务时，未依法事先申报，擅自变更股权，构成违法实施经营者集中。　　鉴于该交易不具有排除、限制竞争效果，且立讯精密具有主动报告、积极整改等从轻处罚情形，市场监管总局依法对其处以90万元罚款的行政处罚。　　2025年1月23日，立讯精密通过全资子公司立讯通讯（上海）有限公司（以下简称立讯通讯）与闻泰科技全资子公司闻泰通讯股份有限公司（以下简称闻泰通讯）签署《股权转让协议》，闻泰通讯将其持有的目标业务股权转让给立讯通讯。1月26日，嘉兴永瑞电子科技有限公司（以下简称嘉兴永瑞）和闻泰电子（深圳）有限公司完成股权变更登记；1月27日，闻泰信息完成股权变更登记，立讯精密间接取得目标业务100%股权，单独控制目标业务。　　2025年2月17日，立讯精密向市场监管总局提交说明材料，主动告知立讯精密收购嘉兴永瑞等三家公司股权的交易涉嫌违法实施经营者集中。　　上述三家公司是闻泰科技全资子公司，本次交易实为立讯精密收购闻泰科技的部分电子产品代工业务（以下简称目标业务）。　　2025年9月5日，对本案立案调查；11月27日，实施进一步调查，对本案是否具有排除、限制竞争效果进行了评估。　　经查，本次交易前，闻泰科技间接持有目标业务100%股权，单独控制目标业务；本次交易后，立讯精密间接持有目标业务100%股权，单独控制目标业务，属于《反垄断法》第二十五条规定的经营者集中。　　立讯精密是苹果供应链核心供应商。截至收盘，立讯精密A股报71.59元/股，日跌幅为1.19%，最新总市值超5200亿元。 （文章来源：中国基金报）,http://finance.eastmoney.com/a/202605273751404518.html
东方财富-央视财经,2026-05-27 19:32:00,立讯精密 被处罚,国家市场监督管理总局5月27日通报，市场监管总局近日依法对立讯精密工业股份有限公司（以下简称立讯精密）收购闻泰科技股份有限公司部分业务违反《中华人民共和国反垄断法》实施经营者集中案作出行政处罚决定，综合考虑立讯精密主动报告违法事实、完善反垄断合规管理制度并有效实施等情形，决定对其处以90万元罚款。　　通报称，2025年2月17日，立讯精密主动向市场监管总局报告，其收购闻泰科技股份有限公司部分业务的交易涉嫌违法实施经营者集中。经调查，该交易确系在未依法申报的情况下完成，违反了《中华人民共和国反垄断法》关于经营者集中事先申报的有关规定。经评估，该项交易不具有排除、限制竞争的效果。鉴于立讯精密在市场监管总局尚未掌握其违法事实前主动报告，符合法定从轻处罚情形。同时，立讯精密主动完善并有效实施反垄断合规管理制度，符合一项下调罚款情形。依据《中华人民共和国反垄断法》和《违法实施经营者集中行政处罚裁量权基准（试行）》相关规定，市场监管总局依法对立讯精密从轻处罚并下调罚款数额，作出上述处罚决定。　　市场监管总局表示，本案充分体现了反垄断执法“处罚与教育相结合”的原则，激励经营主体主动报告违法行为，争取降低罚款金额。市场监管总局提示经营主体，要敬畏法律、重视合规，在发现自身可能存在未依法申报经营者集中等违法情形时，主动采取措施消除或者减轻违法后果，主动向监管部门报告违法行为，积极配合调查，建立或者完善反垄断合规管理制度并有效实施，争取在处罚裁量中获得监管部门的认可，避免更严重的法律后果。 　　来源：央视新闻客户端（文章来源：央视财经）,http://finance.eastmoney.com/a/202605273751467031.html
东方财富-中国经营网,2026-05-30 03:10:28,收购闻泰科技部分业务未依法申报立讯精密被罚90万元,果链龙头立讯精密（002475.SZ）遭国家市场监督管理总局罚款90万元，原因为收购闻泰科技（600745.SH）部分电子产品代工业务未依法进行经营者集中申报。 　　5月27日，根据国家市场监督管理总局公告，2026年5月21日，国家市场监督管理总局对立讯精密工业股份有限公司收购闻泰科技股份有限公司部分业务违法实施经营者集中案作出行政处罚决定，决定书显示，立讯精密被处以90万元罚款。　　尽管罚款金额不大，但这笔交易的背后，却是两家公司在行业变局下的战略转身：闻泰科技剥离重资产ODM业务“断臂求生”，立讯精密则借机吞下对手核心资产，进一步拓展其代工版图。　　“先交割、后申报”被罚　　立讯精密是苹果供应链核心供应商，此次罚单背后，源于立讯精密的一项收购。　　行政处罚决定书显示，2025年1月23日，立讯精密通过全资子公司立讯通讯（上海）有限公司与闻泰科技全资子公司闻泰通讯股份有限公司签署《股权转让协议》，闻泰通讯将其持有的目标业务股权转让给立讯通讯。1月26日至27日，嘉兴永瑞、闻泰电子和闻泰信息相关股权变更登记完成，立讯精密取得目标业务100%的单独控制权。　　然而，这一交易并未事先向反垄断执法机构申报。根据《中华人民共和国反垄断法》第二十六条，经营者集中达到申报标准的，应当事先申报，未申报不得实施集中。2024年，立讯精密与目标业务的全球及中国境内营业额均已达到《国务院关于经营者集中申报标准的规定》中的申报门槛。　　上海汉盛律师事务所高级合伙人李旻律师在接受记者采访时分析指出，本案中，立讯精密通过取得股权方式对目标业务的控制权，构成法律意义上的经营者集中。同时，相关参与集中的经营者营业额已达到《国务院关于经营者集中申报标准的规定》（2024年修订版）中设定的门槛——全球营业额合计超过120亿元且至少两个经营者中国境内营业额均超过8亿元，或中国境内营业额合计超过40亿元且至少两个经营者中国境内营业额均超过8亿元。　　直到2025年2月17日，即交易完成约三周后，立讯精密才向市场监管总局提交说明材料，主动告知该交易涉嫌违法实施经营者集中。监管部门认定，立讯精密在掌握违法事实前主动报告，且事后积极整改、完善反垄断合规制度，同时经评估该集中不具有排除、限制竞争的效果，因此依据《中华人民共和国反垄断法》第五十八条、第五十九条及《违法实施经营者集中行政处罚裁量权基准》（以下简称《裁量基准》）从轻处罚，最终罚款90万元。　　李旻律师表示，经营者“抢跑”面临行政处罚风险。申报义务人并无“先实施、后补正”的法律空间。根据《裁量基准》第六条，对于不具有排除、限制竞争效果的违法实施经营者集中，初步罚款数额为二百五十万元。第七条明确规定，“在市场监管总局掌握该违法实施经营者集中行为前主动报告的”，应当从轻确定初步罚款数额，即降至一百万元。本案中，当事人因主动报告触发该从轻条款。　　李旻律师补充说道，主动报告为反垄断执法机构及时调查评估创造了条件，客观上减轻了违法行为对市场竞争秩序的潜在负面影响，体现了合规意识与整改意愿，构成从轻处罚的重要法理基础。　　收购带来多少营收？　　根据闻泰科技2025年3月发布的重大资产出售预案，拟出售的标的资产包括昆明闻讯、黄石闻泰等5家子公司及3项业务资产包。2023年和2024年，该资产业务收入分别为458.13亿元、598.25亿元。　　虽然立讯精密并未单独披露收购闻泰部分业务在2025年的并表收入，但其2025年全年财报已反映出这一整合的效果。年报显示，立讯精密2025年实现营业收入3323.44亿元，同比增长23.64%；其中，消费电子业务收入为2642.66亿元，同比增长13.37%，仍是公司营收的绝对主力，营收占比达79.52%。　　对比2024年立讯精密消费电子业务收入2331.01亿元，2025年增加了约311.65亿元。尽管这一增量并非全部来自收购闻泰业务，但分析师普遍认为，闻泰科技产品集成业务的并表是立讯精密消费电子板块增长的重要驱动力之一。　　国信证券相关研报指出，闻泰科技手机ODM（原始设计制造商）业务下游客户包括三星、小米等，此次收购能快速提升立讯精密ODM业务的规模与竞争力，也将优化客户结构形成苹果业务与安卓ODM业务互补。　　截至5月27日收盘，立讯精密股价跌1.19%，总市值5216亿元。　　而在一些法律人士看来，90万元的罚款对立讯精密这样的数千亿级企业而言，财务影响几乎可以忽略不计，但行政违法的记录和声誉影响不容小觑。　　李旻律师向记者表示，依据《中华人民共和国反垄断法》第六十四条及《企业信息公示暂行条例》等相关规定，此次行政处罚将被记入企业信用记录，并向社会公示。行政处罚决定向社会公示后，当事人股价出现短期波动，反映出市场对上市公司合规风险的关注。对于并购活动频繁的企业，本次处罚形成明确的合规警示。同时，行政处罚事项须在上市公司定期报告、社会责任报告等公开文件中如实披露，可能影响投资者对公司治理水平的评价，董事会及管理层也可能面临交易所问询或内部问责。　　李旻律师提醒，作为头部供应链企业，本案向消费电子代工行业发出明确信号：经营者集中合规审查力度将持续加强。对于并购活动频繁的代工企业，应将事前申报作为交易的法定前置程序，守住“先申报、后交割”的合规底线。（文章来源：中国经营网）,http://finance.eastmoney.com/a/202605303754820250.html
东方财富-每日经济新闻,2026-05-28 07:00:38,长鑫科技IPO获通过；立讯精密回应被罚｜数智早参,｜2026年5月28日星期四｜　　NO.1 长鑫科技IPO获通过　　据上交所网站，5月27日，长鑫科技科创板IPO获上市委会议通过。长鑫科技此前预计：公司2026年上半年实现营业收入1100亿元至1200亿元，同比增长612.53%至677.31%；实现归母净利润500亿元至570亿元，同比增长2244.03%至2544.19%。　　点评：虽然当前业绩亮眼，但DRAM（动态随机存取存储器）行业具有强周期性，供给高度集中。长鑫科技也在招股书中提示：若AI需求不及预期，或新产能集中释放，将可能导致行业再次进入下行周期。　　NO.2 立讯精密回应被罚：进一步完善反垄断合规管理机制　　5月21日，市场监管总局对立讯精密工业股份有限公司收购闻泰科技股份有限公司部分业务违法实施经营者集中案作出行政处罚决定，5月27日，市场监管总局公布行政处罚决定书。公告显示，经查，该案构成违法实施经营者集中，但不具有排除、限制竞争的效果。当晚，公司回应《每日经济新闻》记者称，本次处罚系公司收购闻泰科技部分业务未及时进行经营者集中申报。经主管机关调查评估，本项经营者集中不具有排除、限制竞争的效果。公司已收到并尊重相关行政处罚决定，将依法按期缴纳90万元罚款。该处罚不影响公司正常经营及财务状况。公司还表示：“公司高度重视反垄断及经营者集中申报相关合规要求，已就本次事项积极整改，并进一步完善反垄断合规管理机制。”　　点评：本案的最终处理结果，为市场传递了明确的合规信号。立讯精密因未依法事先申报而被处罚，反映出监管部门对经营者集中程序性义务的严格执法态度；而因其主动报告、积极整改而从轻处罚，也体现了“处罚与教育相结合”的执法理念，为其他企业提供了合规纠错的正向激励。　　NO.3 卢伟冰：今年有望成为AI手机元年　　5月26日晚间，小米集团的财报电话会上，小米集团总裁、集团合伙人卢伟冰给小米集团未来工作“划重点”。手机业务方面，在回答《每日经济新闻》记者提问时，卢伟冰称，不只是小米和手机行业，整个消费电子都在承压，内存容量越小的品类承担的压力越大；存储价格上涨的负面因素很难在短期内消除，AI（人工智能）将是手机行业最大的增量机会，今年有望成为“AI手机元年”。　　点评：这个“元年”既描绘了一个由“智能体”主导的未来，也承载着小米在行业下行周期中寻求突破的期望。（文章来源：每日经济新闻）,http://finance.eastmoney.com/a/202605283751747340.html
东方财富-中新经纬,2026-05-27 15:24:01,立讯精密违法实施经营者集中被罚90万元,中新经纬5月27日电据国家市场监管总局网站27日消息，2026年5月21日，国家市场监管总局对立讯精密工业股份有限公司(简称立讯精密)收购闻泰科技股份有限公司(简称闻泰科技)部分业务违法实施经营者集中案作出行政处罚决定。 　　国家市场监管总局网站截图　　行政处罚决定书显示，根据《中华人民共和国反垄断法》(以下简称《反垄断法》)《经营者集中审查规定》，国家市场监管总局于2025年9月5日对立讯精密收购闻泰科技部分业务涉嫌违法实施经营者集中案进行立案调查。　　经查，该案构成违法实施经营者集中，但不具有排除、限制竞争的效果。国家市场监管总局按照《中华人民共和国行政处罚法》(简称《行政处罚法》)的规定，向立讯精密送达了《行政处罚告知书》，告知当事人拟作出的行政处罚内容及事实、理由、依据，并告知当事人依法享有的陈述、申辩、要求听证的权利。立讯精密在规定期限内没有提出陈述、申辩意见或要求举行听证，本案现已调查终结。　　一、案件来源及调查经过　　2025年2月17日，立讯精密向国家市场监管总局提交说明材料，主动告知立讯精密收购嘉兴永瑞电子科技有限公司(简称嘉兴永瑞)等三家公司股权的交易涉嫌违法实施经营者集中。经核，上述三家公司是闻泰科技全资子公司，本交易实为立讯精密收购闻泰科技的部分电子产品代工业务(以下称目标业务)。2025年9月5日，对本案立案调查。11月27日，实施进一步调查，对本案是否具有排除、限制竞争效果进行了评估。　　二、基本情况　　(一)交易方。　　当事人：立讯精密(收购方)。2004年在广东省注册成立，主要业务为电子产品代工、汽车互联网产品及精密组件、通讯互联产品及精密组件、其他连接器等产品的生产销售等。最终控制人为(略)。2024年，立讯精密(含关联方)全球和中国境内营业额分别为(略)。　　目标业务：闻泰科技通过嘉兴永瑞、上海闻泰电子科技有限公司(以下简称闻泰电子)、上海闻泰信息科技有限公司(以下简称闻泰信息)等三家公司从事的部分电子产品代工业务。目标业务最终控制人为(略)。嘉兴永瑞于2014年在浙江省注册成立，负责闻泰科技电子产品代工服务业务流程中的生产制造环节；闻泰电子和闻泰信息分别于2006年、2016年在上海市注册成立，负责闻泰科技电子产品代工服务业务流程中的软件和技术研发环节。2024年，目标业务全球和中国境内营业额分别为(略)。　　股权出让方(非参与集中的经营者)：闻泰科技。1993年在湖北省注册成立，主要业务为半导体功率器件、模拟芯片的研发设计、晶圆制造和封装测试；手机、平板电脑、笔记本电脑、汽车电子等终端产品研发制造服务。　　(二)交易情况。　　2025年1月23日，立讯精密通过全资子公司立讯通讯(上海)有限公司(以下简称立讯通讯)与闻泰科技全资子公司闻泰通讯股份有限公司(以下简称闻泰通讯)签署《股权转让协议》，闻泰通讯将其持有的目标业务股权转让给立讯通讯。1月26日，嘉兴永瑞和闻泰电子完成股权变更登记，1月27日，闻泰信息完成股权变更登记，立讯精密间接取得目标业务100%股权，单独控制目标业务。　　三、违法事实及相关证据　　(一)本案构成违法实施经营者集中。　　根据《反垄断法》第二十五条规定，“经营者集中是指下列情形：(一)经营者合并；(二)经营者通过取得股权或者资产的方式取得对其他经营者的控制权；(三)经营者通过合同等方式取得对其他经营者的控制权或者能够对其他经营者施加决定性影响”。经查，本次交易前，闻泰科技间接持有目标业务100%股权，单独控制目标业务；本次交易后，立讯精密间接持有目标业务100%股权，单独控制目标业务，属于《反垄断法》第二十五条规定的经营者集中。　　2024年，立讯精密(含关联方)全球和中国境内营业额分别为(略)；目标业务全球和中国境内营业额分别为(略)，达到《国务院关于经营者集中申报标准的规定》第三条规定的申报标准，属于应当申报的情形。　　根据《反垄断法》第二十六条规定，“经营者集中达到国务院规定的申报标准的，经营者应当事先向国务院反垄断执法机构申报，未申报的不得实施集中”。2025年1月26日，嘉兴永瑞和闻泰电子完成股权变更登记，1月27日，闻泰信息完成股权变更登记，此前未依法向国家市场监管总局申报，违反《反垄断法》第二十六条，构成违法实施经营者集中。　　(二)本案不具有排除、限制竞争的效果。　　国家市场监管总局就立讯精密收购闻泰科技部分业务对市场竞争的影响进行了评估，评估认为，该项经营者集中不会产生排除、限制竞争效果。　　上述事实，有立讯精密提交的情况说明、目标业务变更登记证明、股权转让协议、2024年财务报表及审计报告等证据证明。　　四、行政处罚依据和决定　　国家市场监管总局认为，立讯精密负有依法申报经营者集中的法律义务，未依法事先申报实施经营者集中，违反《反垄断法》第二十六条规定，构成违法实施经营者集中。依据《反垄断法》第三十三条，评估认为本项集中不具有排除、限制竞争的效果。　　依据《反垄断法》第五十八条、第五十九条以及《违法实施经营者集中行政处罚裁量权基准(试行)》第五条、第六条、第七条、第九条等规定，国家市场监管总局综合考虑了当事人违法行为的性质、程度、持续时间和消除违法行为后果的情况等。立讯精密在本机关掌握该违法实施经营者集中行为前主动报告，具有从轻处罚情形。同时，立讯精密在发现违法事实后积极整改，完善反垄断合规管理制度并有效实施，决定对立讯精密处以90万元罚款的行政处罚。　　《行政处罚法》第六十七条规定“作出罚款决定的行政机关应当与收缴罚款的机构分离。除依照本法第六十八条、第六十九条的规定当场收缴的罚款外，作出行政处罚决定的行政机关及其执法人员不得自行收缴罚款。当事人应当自收到行政处罚决定书之日起十五日内，到指定的银行或者通过电子支付系统缴纳罚款。银行应当收受罚款，并将罚款直接上缴国库”。　　当事人应当自收到本行政处罚决定书之日起十五日内，携缴款码到15家中央财政非税收入收缴代理银行(工、农、中、建、交、中信、光大、招商、邮储、华夏、平安、兴业、民生、广发、浙商)任一银行网点、网上银行缴纳罚款。缴款码：(略)。到期不缴纳罚款的，依据《行政处罚法》第七十二条的规定，国家市场监管总局将每日按罚款数额的百分之三加处罚款，并依法申请人民法院强制执行。　　当事人如对上述行政处罚决定不服，可以自收到本行政处罚决定书之日起六十日内，向国家市场监督管理总局申请行政复议；或者自收到本行政处罚决定书之日起六个月内，依法向北京知识产权法院提起行政诉讼。行政复议或者行政诉讼期间，本行政处罚决定不停止执行。（文章来源：中新经纬）,http://finance.eastmoney.com/a/202605273751422645.html
东方财富-东方财富Choice数据,2026-05-27 16:33:19,大宗交易：立讯精密成交1861.34万元（5-27）,2026年5月27日，立讯精密发生1笔大宗交易，共成交26.00万股，成交金额1861.34万元。该笔大宗交易成交均价71.59元，较该股当日收盘价71.59元持平。其中，机构席位买入26.00万股，成交额1861.34万元。免责声明：本文基于AI生产，仅供参考，不构成任何投资建议，据此操作风险自担。东方财富发布此内容旨在传播更多信息，与本平台立场无关。东方财富力求但不保证数据的完全准确，如有错漏请以中国证监会指定上市公司信息披露媒体为准，东方财富不对因该资料全部或部分内容而引致的盈亏承担任何责任。用户个人对服务的使用承担风险，东方财富对此不作任何类型的担保。,http://stock.eastmoney.com/a/202605273751327748.html
东方财富-证券时报网,2026-05-27 20:39:00,立讯精密回应：积极整改 进一步完善反垄断合规管理机制,5月27日，立讯精密回应证券时报记者表示，本次处罚系公司收购闻泰科技部分业务未及时进行经营者集中申报。经主管机关调查评估，本项经营者集中不具有排除、限制竞争的效果。公司已收到并尊重相关行政处罚决定，将依法按期缴纳90万元罚款。该处罚不影响公司正常经营及财务状况。公司高度重视反垄断及经营者集中申报相关合规要求，已就本次事项积极整改，并进一步完善反垄断合规管理机制。　　市场监管总局27日公布，该局近日依法对立讯精密工业股份有限公司收购闻泰科技股份有限公司部分业务违反《中华人民共和国反垄断法》实施经营者集中案作出行政处罚决定，综合考虑立讯精密主动报告违法事实、完善反垄断合规管理制度并有效实施等情形，决定对其处以90万元罚款。（文章来源：证券时报网）,http://finance.eastmoney.com/a/202605273751520525.html
东方财富-中国经营报,2026-05-28 15:47:05,收购闻泰科技部分业务未依法申报 立讯精密被罚90万元,果链龙头立讯精密（002475.SZ）遭国家市场监督管理总局罚款90万元，原因为收购闻泰科技（600745.SH）部分电子产品代工业务未依法进行经营者集中申报。　　5月27日，根据国家市场监督管理总局公告，2026年5月21日，国家市场监督管理总局对立讯精密工业股份有限公司收购闻泰科技股份有限公司部分业务违法实施经营者集中案作出行政处罚决定，决定书显示，立讯精密被处以90万元罚款。 　　尽管罚款金额不大，但这笔交易的背后，却是两家公司在行业变局下的战略转身：闻泰科技剥离重资产ODM业务“断臂求生”，立讯精密则借机吞下对手核心资产，进一步拓展其代工版图。　　“先交割、后申报” 被罚　　立讯精密是苹果供应链核心供应商，此次罚单背后，源于立讯精密的一项收购。　　行政处罚决定书显示，2025年1月23日，立讯精密通过全资子公司立讯通讯（上海）有限公司与闻泰科技全资子公司闻泰通讯股份有限公司签署《股权转让协议》，闻泰通讯将其持有的目标业务股权转让给立讯通讯。1月26日至27日，嘉兴永瑞、闻泰电子和闻泰信息相关股权变更登记完成，立讯精密取得目标业务100%的单独控制权。　　然而，这一交易并未事先向反垄断执法机构申报。根据《中华人民共和国反垄断法》第二十六条，经营者集中达到申报标准的，应当事先申报，未申报不得实施集中。2024年，立讯精密与目标业务的全球及中国境内营业额均已达到《国务院关于经营者集中申报标准的规定》中的申报门槛。　　上海汉盛律师事务所高级合伙人李旻律师在接受记者采访时分析指出，本案中，立讯精密通过取得股权方式对目标业务的控制权，构成法律意义上的经营者集中。同时，相关参与集中的经营者营业额已达到《国务院关于经营者集中申报标准的规定》（2024年修订版）中设定的门槛——全球营业额合计超过120亿元且至少两个经营者中国境内营业额均超过8亿元，或中国境内营业额合计超过40亿元且至少两个经营者中国境内营业额均超过8亿元。　　直到2025年2月17日，即交易完成约三周后，立讯精密才向市场监管总局提交说明材料，主动告知该交易涉嫌违法实施经营者集中。监管部门认定，立讯精密在掌握违法事实前主动报告，且事后积极整改、完善反垄断合规制度，同时经评估该集中不具有排除、限制竞争的效果，因此依据《中华人民共和国反垄断法》第五十八条、第五十九条及《违法实施经营者集中行政处罚裁量权基准》（以下简称《裁量基准》）从轻处罚，最终罚款90万元。　　李旻律师表示，经营者“抢跑”面临行政处罚风险。申报义务人并无“先实施、后补正”的法律空间。根据《裁量基准》第六条，对于不具有排除、限制竞争效果的违法实施经营者集中，初步罚款数额为二百五十万元。第七条明确规定，“在市场监管总局掌握该违法实施经营者集中行为前主动报告的”，应当从轻确定初步罚款数额，即降至一百万元。本案中，当事人因主动报告触发该从轻条款。　　李旻律师补充说道，主动报告为反垄断执法机构及时调查评估创造了条件，客观上减轻了违法行为对市场竞争秩序的潜在负面影响，体现了合规意识与整改意愿，构成从轻处罚的重要法理基础。　　收购给立讯精密带来多少营收？　　根据闻泰科技2025年3月发布的重大资产出售预案，拟出售的标的资产包括昆明闻讯、黄石闻泰等5家子公司及3项业务资产包。2023年和2024年，该资产业务收入分别为458.13亿元、598.25亿元。　　虽然立讯精密并未单独披露收购闻泰部分业务在2025年的并表收入，但其2025年全年财报已反映出这一整合的效果。年报显示，立讯精密2025年实现营业收入3323.44亿元，同比增长23.64%；其中，消费电子业务收入为2642.66亿元，同比增长13.37%，仍是公司营收的绝对主力，营收占比达79.52%。　　对比2024年立讯精密消费电子业务收入2331.01亿元，2025年增加了约311.65亿元。尽管这一增量并非全部来自收购闻泰业务，但分析师普遍认为，闻泰科技产品集成业务的并表是立讯精密消费电子板块增长的重要驱动力之一。　　国信证券相关研报指出，闻泰科技手机ODM（原始设计制造商）业务下游客户包括三星、小米等，此次收购能快速提升立讯精密ODM业务的规模与竞争力，也将优化客户结构形成苹果业务与安卓ODM业务互补。　　截至5月27日收盘，立讯精密股价跌1.19%，总市值5216亿元。　　而在一些法律人士看来，90万元的罚款对立讯精密这样的数千亿级企业而言，财务影响几乎可以忽略不计，但行政违法的记录和声誉影响不容小觑。　　李旻律师向记者表示，依据《中华人民共和国反垄断法》第六十四条及《企业信息公示暂行条例》等相关规定，此次行政处罚将被记入企业信用记录，并向社会公示。行政处罚决定向社会公示后，当事人股价出现短期波动，反映出市场对上市公司合规风险的关注。对于并购活动频繁的企业，本次处罚形成明确的合规警示。同时，行政处罚事项须在上市公司定期报告、社会责任报告等公开文件中如实披露，可能影响投资者对公司治理水平的评价，董事会及管理层也可能面临交易所问询或内部问责。　　李旻律师提醒，作为头部供应链企业，本案向消费电子代工行业发出明确信号：经营者集中合规审查力度将持续加强。对于并购活动频繁的代工企业，应将事前申报作为交易的法定前置程序，守住“先申报、后交割”的合规底线。（文章来源：中国经营报）,http://finance.eastmoney.com/a/202605283752744554.html
东方财富-中新经纬,2026-05-27 15:27:00,违反《反垄断法》！立讯精密被罚90万元,27日，市场监管总局发布立讯精密工业股份有限公司收购闻泰科技股份有限公司部分业务违法实施经营者集中案行政处罚决定书。　　行政处罚决定书部分内容如下：　　根据《中华人民共和国反垄断法》（以下简称《反垄断法》）、《经营者集中审查规定》，本机关于2025年9月5日对立讯精密工业股份有限公司（以下简称立讯精密）收购闻泰科技股份有限公司（以下简称闻泰科技）部分业务涉嫌违法实施经营者集中案进行立案调查。　　经查，该案构成违法实施经营者集中，但不具有排除、限制竞争的效果。本机关按照《中华人民共和国行政处罚法》（以下简称《行政处罚法》）的规定，向立讯精密送达了《行政处罚告知书》，告知当事人拟作出的行政处罚内容及事实、理由、依据，并告知当事人依法享有的陈述、申辩、要求听证的权利。立讯精密在规定期限内没有提出陈述、申辩意见或要求举行听证，本案现已调查终结。　　立讯精密负有依法申报经营者集中的法律义务，未依法事先申报实施经营者集中，违反《反垄断法》第二十六条规定，构成违法实施经营者集中。依据《反垄断法》第三十三条，评估认为本项集中不具有排除、限制竞争的效果。　　依据《反垄断法》第五十八条、第五十九条以及《违法实施经营者集中行政处罚裁量权基准（试行）》第五条、第六条、第七条、第九条等规定，本机关综合考虑了当事人违法行为的性质、程度、持续时间和消除违法行为后果的情况等。立讯精密在本机关掌握该违法实施经营者集中行为前主动报告，具有从轻处罚情形。同时，立讯精密在发现违法事实后积极整改，完善反垄断合规管理制度并有效实施，决定对立讯精密处以90万元罚款的行政处罚。（文章来源：中新经纬）,http://finance.eastmoney.com/a/202605273751268047.html
东方财富-红星资本局,2026-05-27 19:37:16,立讯精密被罚90万元，涉此前收购闻泰科技旗下公司,5月27日，国家市场监管总局发布了立讯精密（002475.SZ）收购闻泰科技（*ST闻泰；600745.SH）部分业务违法实施经营者集中案行政处罚决定书。　　处罚决定书显示，立讯精密在收购业务时，未依法事先申报实施经营者集中，违反《反垄断法》相关规定，构成违法实施经营者集中。依据《反垄断法》，评估认为该项集中不具有排除、限制竞争的效果。　　综合考虑当事人违法行为的性质、程度、持续时间和消除违法行为后果情况等，市场监管总局决定对立讯精密处以90万元的罚款。 　　立讯精密是苹果供应链龙头企业，截至5月27日收盘，公司股价跌1.19%，报71.59元/股，总市值约5216亿元。　　此前公告显示，立讯精密与闻泰科技之间的交易分为两期：　　第一期，2025年1月23日，立讯精密子公司立讯通讯与闻泰科技子公司闻泰通讯签署协议，约定以6.16亿元的交易对价收购闻泰通讯下属子公司嘉兴永瑞、上海闻泰信息、上海闻泰电子，并结清其负有的应付金额10.8亿元。2025年1月26日，完成协议首期款支付及标的公司交割手续；股权转让剩余款项将根据审计评估结果，依照协议约定进行调整后支付。　　第二期，2025年3月，立讯精密与闻泰科技签署协议，约定收购闻泰科技关于消费电子系统集成业务的相关子公司股权、业务资产包，包含6家标的公司、3项标的资产。2025年5月，确定交易总金额为43.89亿元。　　本次被处罚的交易为第一期，据行政处罚决定书，2025年2月17日，立讯精密在支付首期款项并完成交割一个月后，向市场监管总局提交了说明材料，主动告知收购嘉兴永瑞等三家公司股权的交易涉嫌违法实施经营者集中。　　闻泰科技自今年5月6日“披星戴帽”后，曾连续11个交易日跌停；5月21日至27日，又在5个交易日内收获4个涨停板；5月27日，闻泰科技报收18.75元/股，最新市值为233亿元。（文章来源：红星资本局）,http://finance.eastmoney.com/a/202605273751467327.html
东方财富-上海证券报·中国证券网,2026-05-27 21:36:06,立讯精密：积极整改并进一步完善反垄断合规管理机制,上证报中国证券网讯（记者时娜孔令仪）5月27日晚间，立讯精密就公司被市场监管总局处以90万元罚款做出回应称，本次处罚系公司收购闻泰科技部分业务未及时进行经营者集中申报。公司已就本次事项积极整改，并进一步完善反垄断合规管理机制。经主管机关调查评估，本项经营者集中不具有排除、限制竞争的效果。公司已收到并尊重相关行政处罚决定，将依法按期缴纳90万元罚款。该处罚不影响公司正常经营及财务状况。　　市场监管总局于5月21日依法对立讯精密收购闻泰科技部分业务违反《中华人民共和国反垄断法》实施经营者集中案作出行政处罚决定，综合考虑立讯精密主动报告违法事实、完善反垄断合规管理制度并有效实施等情形，决定对其处以90万元罚款。市场监管总局于5月27日对外公告了该行政处罚决定书。　　立讯精密表示，公司高度重视反垄断及经营者集中申报相关合规要求，已就本次事项积极整改，并进一步完善反垄断合规管理机制。（文章来源：上海证券报·中国证券网）,http://finance.eastmoney.com/a/202605273751593847.html
东方财富-界面新闻,2026-05-27 17:02:17,收购闻泰科技业务未依法申报，立讯精密被罚90万元,5月27日，国家市场监督管理总局（以下简称“市场监管总局”）在官方网站发布公告，对立讯精密工业股份有限公司收购闻泰科技股份有限公司部分业务违法实施经营者集中案作出行政处罚决定，对立讯精密处以90万元罚款。 　　国家市场监督管理总局行政处罚决定书　　根据市场监管总局发布的《行政处罚决定书》（国市监处罚〔2026〕26号），2025年2月17日，立讯精密向市场监管总局关提交说明材料，主动告知立讯精密收购嘉兴永瑞电子科技有限公司等三家公司股权的交易涉嫌违法实施经营者集中。经核，上述三家公司是闻泰科技全资子公司，本交易实为立讯精密收购闻泰科技的部分电子产品代工业务。2025年9月5日，市场监管总局对本案立案调查。11月27日，实施进一步调查，对本案是否具有排除、限制竞争效果进行了评估。　　经查，本次交易前，闻泰科技间接持有目标业务100%股权，单独控制目标业务；交易后，立讯精密间接持有目标业务100%股权，单独控制目标业务。市场监管总局认定，立讯精密作为参与集中的经营者，负有依法申报的法律义务，但其在实施集中前未向国务院反垄断执法机构申报，违反了《反垄断法》第二十六条的规定，构成违法实施经营者集中。　　在量罚环节，市场监管总局综合考虑了当事人违法行为的性质、程度、持续时间和消除违法行为后果的情况等因素。由于立讯精密在执法机关掌握该违法事实前主动报告，具有从轻处罚情形；同时，其在发现违法事实后积极整改，完善了反垄断合规管理制度并有效实施，因此最终决定对其处以90万元的罚款。　　此次处罚所涉及的收购案，是消费电子产业链上一次备受瞩目的整合。早在2024年底，闻泰科技就曾宣布拟将旗下与产品集成业务相关的部分资产转让给立讯精密的控股股东立讯有限公司。2025年3月立讯精密与闻泰科技签署系列股权转让与资产转让协议，由立讯精密及其下属子公司收购闻泰科技旗下从事手机、平板电脑、笔记本电脑等电子产品OEM和ODM业务的相关实体与资产，交易总对价约43.89亿元。　　事实上，这笔交易本身已获得监管机构的批准。2025年6月5日，市场监管总局网站公布的最新一批无条件批准经营者集中案件列表中，立讯精密收购闻泰科技部分业务案就在其中。这表明监管部门从竞争影响层面认可了本次交易的合法性。但由于立讯精密在获得监管批准前已先行完成部分资产交割与业务交接，构成了 “先实施、后申报” 的程序违法，此次处罚，针对的是程序上的瑕疵，而非交易本身的竞争危害性。　　作为国内消费电子精密制造龙头，立讯精密此前业务高度聚焦苹果产业链，2025年财报数据显示，公司消费电子业务实现收入2642.66亿元，占总营收比重达79.52%，客户集中度较高的风险始终是市场关注的焦点。　　而闻泰科技旗下本次转让的ODM业务，拥有成熟的安卓系智能终端整机设计、制造能力，客户覆盖小米、OPPO、三星等全球主流安卓品牌，同时具备平板、笔记本电脑等多品类产品的研发制造经验。通过本次收购，立讯精密可快速补齐非苹果产业链的ODM业务短板，实现苹果与安卓双客户体系的均衡布局，降低对单一客户的依赖风险，同时借助闻泰科技在印尼、印度等海外地区的产能布局，进一步完善全球化制造网络，提升在全球智能终端制造领域的市场份额。　　国海证券认为，本次收购是立讯精密多元化战略的重要组成部分，目标业务与公司现有消费电子业务形成高度协同，可快速补齐安卓系整机制造能力，同时共享供应链、研发与客户资源，预计2026年即可贡献显著的营收增量。（文章来源：界面新闻）,http://finance.eastmoney.com/a/202605273751368762.html
东方财富-证券时报网,2026-05-27 17:18:00,立讯精密大宗交易成交26.00万股 成交额1861.34万元,立讯精密5月27日大宗交易平台出现一笔成交，成交量26.00万股，成交金额1861.34万元，大宗交易成交价为71.59元。该笔交易的买方营业部为中国中金财富证券有限公司福州五四路证券营业部，卖方营业部为机构专用。　　进一步统计，近3个月内该股累计发生18笔大宗交易，合计成交金额为18.15亿元。　　证券时报·数据宝统计显示，立讯精密今日收盘价为71.59元，下跌1.19%，日换手率为2.27%，成交额为119.55亿元，全天主力资金净流出6.27亿元，近5日该股累计上涨2.17%，近5日资金合计净流出16.10亿元。　　两融数据显示，该股最新融资余额为70.63亿元，近5日减少17.49亿元，降幅为19.85%。　　机构评级来看，近5日共有1家机构给予该股评级，预计目标价最高的是国泰海通证券，5月26日国泰海通证券发布的研报预计公司目标价为106.05元。（数据宝）　　5月27日立讯精密大宗交易一览 成交量（万股）成交金额（万元）成交价格（元）相对当日收盘折溢价（%） 买方营业部卖方营业部26.001861.3471.590.00中国中金财富证券有限公司福州五四路证券营业部机构专用　　注：本文系新闻报道，不构成投资建议，股市有风险，投资需谨慎。 （文章来源：证券时报网）,http://finance.eastmoney.com/a/202605273751385237.html
东方财富-中国新闻网,2026-05-27 19:36:02,中国市场监管部门对立讯精密作出行政处罚,中新社北京5月27日电中国国家市场监管总局27日公布，该局近日依法对立讯精密工业股份有限公司(以下简称立讯精密)收购闻泰科技股份有限公司部分业务违反《中华人民共和国反垄断法》实施经营者集中案作出行政处罚决定，综合考虑立讯精密主动报告违法事实、完善反垄断合规管理制度并有效实施等情形，决定对其处以90万元人民币罚款。　　据披露，2025年2月17日，立讯精密主动向国家市场监管总局报告，其收购闻泰科技股份有限公司部分业务的交易涉嫌违法实施经营者集中。经调查，该交易确系在未依法申报的情况下完成，违反了《中华人民共和国反垄断法》关于经营者集中事先申报的有关规定。　　经评估，该项交易不具有排除、限制竞争的效果。鉴于立讯精密在国家市场监管总局尚未掌握其违法事实前主动报告，符合法定从轻处罚情形。同时，立讯精密主动完善并有效实施反垄断合规管理制度，符合一项下调罚款情形。依据《中华人民共和国反垄断法》和《违法实施经营者集中行政处罚裁量权基准(试行)》相关规定，国家市场监管总局依法对立讯精密从轻处罚并下调罚款数额，作出上述处罚决定。(完)（文章来源：中国新闻网）,http://finance.eastmoney.com/a/202605273751466524.html
东方财富-第一财经,2026-05-27 15:11:32,市场监管总局对立讯精密处以90万元罚款的行政处罚,5月27日，市场监管总局发布立讯精密工业股份有限公司收购闻泰科技股份有限公司部分业务违法实施经营者集中案行政处罚决定书。根据《中华人民共和国反垄断法》、《经营者集中审查规定》，本机关于2025年9月5日对立讯精密工业股份有限公司收购闻泰科技股份有限公司部分业务涉嫌违法实施经营者集中案进行立案调查。经查，本次交易前，闻泰科技间接持有目标业务100%股权，单独控制目标业务；本次交易后，立讯精密间接持有目标业务100%股权，单独控制目标业务，属于《反垄断法》第二十五条规定的经营者集中。本机关认为，立讯精密负有依法申报经营者集中的法律义务，未依法事先申报实施经营者集中，违反《反垄断法》第二十六条规定，构成违法实施经营者集中。立讯精密在本机关掌握该违法实施经营者集中行为前主动报告，具有从轻处罚情形。同时，立讯精密在发现违法事实后积极整改，完善反垄断合规管理制度并有效实施，决定对立讯精密处以90万元罚款的行政处罚。（文章来源：第一财经）,http://finance.eastmoney.com/a/202605273751261164.html
东方财富-央广财经,2026-05-27 16:11:16,违法实施经营者集中 市场监管总局对立讯精密处以90万元罚款,央广网北京5月27日消息（记者邵蓝洁）5月21日，市场监管总局依法对立讯精密工业股份有限公司（以下称“立讯精密”）收购闻泰科技股份有限公司部分业务违反《中华人民共和国反垄断法》实施经营者集中案作出行政处罚决定，综合考虑立讯精密主动报告违法事实、完善反垄断合规管理制度并有效实施等情形，决定对其处以90万元罚款。　　2025年2月17日，立讯精密主动向市场监管总局报告，其收购闻泰科技股份有限公司部分业务的交易涉嫌违法实施经营者集中。经调查，该交易确系在未依法申报的情况下完成，违反了《中华人民共和国反垄断法》关于经营者集中事先申报的有关规定。经评估，该项交易不具有排除、限制竞争的效果。鉴于立讯精密在市场监管总局尚未掌握其违法事实前主动报告，符合法定从轻处罚情形。同时，立讯精密主动完善并有效实施反垄断合规管理制度，符合一项下调罚款情形。依据《中华人民共和国反垄断法》和《违法实施经营者集中行政处罚裁量权基准（试行）》相关规定，市场监管总局依法对立讯精密从轻处罚并下调罚款数额，作出上述处罚决定。（文章来源：央广财经）,http://finance.eastmoney.com/a/202605273751311456.html
东方财富-新京报,2026-05-27 16:01:00,立讯精密因未事先申报收购闻泰部分业务被罚90万元,5月27日，市场监管总局发布立讯精密工业股份有限公司收购闻泰科技股份有限公司部分业务违法实施经营者集中案行政处罚决定书，立讯精密工业股份有限公司因在收购闻泰科技部分电子产品代工业务时，未依法事先申报并擅自变更股权，构成违法实施经营者集中；鉴于该交易不具有排除、限制竞争效果，且立讯精密具有主动报告、积极整改等从轻处罚情形，市场监管总局依法对其处以90万元罚款的行政处罚。（文章来源：新京报）,http://finance.eastmoney.com/a/202605273751311624.html
东方财富-经济参考网,2026-05-27 19:47:49,因收购闻泰科技部分业务违法，立讯精密被罚90万元,5月27日，市场监管总局公布了对立讯精密（002475.SZ）收购闻泰科技股份有限公司（简称“闻泰科技”）部分业务违法实施经营者集中案的行政处罚结果。该处罚决定于5月21日作出，综合考虑立讯精密主动报告违法事实、完善反垄断合规管理制度并有效实施等情形，最终对其处以90万元罚款。　　此次处罚涉及的交易主要是：2025年1月23日，立讯精密通过全资子公司立讯通讯（上海）有限公司与闻泰科技全资子公司闻泰通讯股份有限公司签署《股权转让协议》，收购闻泰科技旗下嘉兴永瑞电子科技有限公司、上海闻泰电子科技有限公司、上海闻泰信息科技有限公司三家公司股权，从而取得其部分电子产品代工业务。1月26日至27日，上述三家公司相继完成股权变更登记，交易实施完毕。　　该交易实施前，立讯精密未依法向市场监管总局进行经营者集中申报。市场监管总局经调查认定，本次交易前，闻泰科技间接持有目标业务100%股权，单独控制目标业务；交易完成后，立讯精密间接持有目标业务100%股权，单独控制目标业务，该情形属于《中华人民共和国反垄断法》第二十五条规定的经营者集中。同时，市场监管总局依据《中华人民共和国反垄断法》第三十三条进行评估后认为，本项集中不具有排除、限制竞争的效果。　　作为收购方，立讯精密负有依法申报经营者集中的法律义务，但未在实施前向市场监管总局进行经营者集中申报，违反了事先申报的法定程序要求。不过，立讯精密因两项关键情节获得从轻处罚。　　首先是主动报告。2025年2月17日，立讯精密在市场监管总局尚未掌握该违法事实前，主动向监管部门报告了交易涉嫌违法实施经营者集中的情况，符合从轻处罚的法定情形。　　其次是积极整改。立讯精密在发现违法事实后，主动完善并有效实施了反垄断合规管理制度。市场监管总局综合考虑了当事人违法行为的性质、程度、持续时间以及消除违法行为后果的情况等因素，依法对立讯精密从轻处罚并下调罚款数额。　　据2025年年度报告，立讯精密全年实现营业总收入3323.44亿元，同比增长23.64%；归属于上市公司股东的净利润为166.00亿元，同比增长24.20%；扣非净利润为141.69亿元，同比增长21.16%；基本每股收益2.29元。　　从业务结构来看，立讯精密的消费电子业务仍是核心支柱，占总营收比重达79.52%；汽车电子业务占比11.81%，通讯及数据中心业务占比7.39%。　　2025年年报显示，闻泰科技全年实现营业收入312.53亿元，同比下降57.54%；归属于上市公司股东的净利润为-87.48亿元，较上年同期亏损28.33亿元进一步扩大；公司扣非净利润为-3.16亿元，基本每股收益为-7.03元。（文章来源：经济参考网）,http://finance.eastmoney.com/a/202605273751470362.html
东方财富-财联社,2026-05-27 15:13:00,市场监管总局：对立讯精密处以90万元罚款的行政处罚,财联社5月27日讯，2026年5月21日，市场监管总局对立讯精密工业股份有限公司收购闻泰科技股份有限公司部分业务违法实施经营者集中案作出行政处罚决定，现将行政处罚决定书予以公告。立讯精密负有依法申报经营者集中的法律义务，未依法事先申报实施经营者集中，违反《反垄断法》第二十六条规定，构成违法实施经营者集中。依据《反垄断法》第三十三条，评估认为本项集中不具有排除、限制竞争的效果。　　依据《反垄断法》第五十八条、第五十九条以及《违法实施经营者集中行政处罚裁量权基准（试行）》第五条、第六条、第七条、第九条等规定，本机关综合考虑了当事人违法行为的性质、程度、持续时间和消除违法行为后果的情况等。　　立讯精密在本机关掌握该违法实施经营者集中行为前主动报告，具有从轻处罚情形。同时，立讯精密在发现违法事实后积极整改，完善反垄断合规管理制度并有效实施，决定对立讯精密处以90万元罚款的行政处罚。　　国家市场监督管理总局行政处罚决定书　　国市监处罚〔2026〕26号　　当事人：立讯精密工业股份有限公司　　主体资格证照名称：营业执照　　统一社会信用代码：91440300760482233Q　　住所：深圳市宝安区沙井街道蚝一西部三洋新工业区A栋2层　　法定代表人：王来春　　身份证件号码：（略）　　根据《中华人民共和国反垄断法》（以下简称《反垄断法》）、《经营者集中审查规定》，本机关于2025年9月5日对立讯精密工业股份有限公司（以下简称立讯精密）收购闻泰科技股份有限公司（以下简称闻泰科技）部分业务涉嫌违法实施经营者集中案进行立案调查。　　经查，该案构成违法实施经营者集中，但不具有排除、限制竞争的效果。本机关按照《中华人民共和国行政处罚法》（以下简称《行政处罚法》）的规定，向立讯精密送达了《行政处罚告知书》，告知当事人拟作出的行政处罚内容及事实、理由、依据，并告知当事人依法享有的陈述、申辩、要求听证的权利。立讯精密在规定期限内没有提出陈述、申辩意见或要求举行听证，本案现已调查终结。　　一、案件来源及调查经过　　2025年2月17日，立讯精密向本机关提交说明材料，主动告知立讯精密收购嘉兴永瑞电子科技有限公司（以下简称嘉兴永瑞）等三家公司股权的交易涉嫌违法实施经营者集中。经核，上述三家公司是闻泰科技全资子公司，本交易实为立讯精密收购闻泰科技的部分电子产品代工业务（以下称目标业务）。2025年9月5日，对本案立案调查。11月27日，实施进一步调查，对本案是否具有排除、限制竞争效果进行了评估。　　二、基本情况　　（一）交易方。　　当事人：立讯精密（收购方）。2004年在广东省注册成立，主要业务为电子产品代工、汽车互联网产品及精密组件、通讯互联产品及精密组件、其他连接器等产品的生产销售等。最终控制人为（略）。2024年，立讯精密（含关联方）全球和中国境内营业额分别为（略）。　　目标业务：闻泰科技通过嘉兴永瑞、上海闻泰电子科技有限公司（以下简称闻泰电子）、上海闻泰信息科技有限公司（以下简称闻泰信息）等三家公司从事的部分电子产品代工业务。目标业务最终控制人为（略）。嘉兴永瑞于2014年在浙江省注册成立，负责闻泰科技电子产品代工服务业务流程中的生产制造环节；闻泰电子和闻泰信息分别于2006年、2016年在上海市注册成立，负责闻泰科技电子产品代工服务业务流程中的软件和技术研发环节。2024年，目标业务全球和中国境内营业额分别为（略）。　　股权出让方（非参与集中的经营者）：闻泰科技。1993年在湖北省注册成立，主要业务为半导体功率器件、模拟芯片的研发设计、晶圆制造和封装测试；手机、平板电脑、笔记本电脑、汽车电子等终端产品研发制造服务。　　（二）交易情况。　　2025年1月23日，立讯精密通过全资子公司立讯通讯（上海）有限公司（以下简称立讯通讯）与闻泰科技全资子公司闻泰通讯股份有限公司（以下简称闻泰通讯）签署《股权转让协议》，闻泰通讯将其持有的目标业务股权转让给立讯通讯。1月26日，嘉兴永瑞和闻泰电子完成股权变更登记，1月27日，闻泰信息完成股权变更登记，立讯精密间接取得目标业务100%股权，单独控制目标业务。　　三、违法事实及相关证据　　（一）本案构成违法实施经营者集中。　　根据《反垄断法》第二十五条规定，“经营者集中是指下列情形：（一）经营者合并；（二）经营者通过取得股权或者资产的方式取得对其他经营者的控制权；（三）经营者通过合同等方式取得对其他经营者的控制权或者能够对其他经营者施加决定性影响”。经查，本次交易前，闻泰科技间接持有目标业务100%股权，单独控制目标业务；本次交易后，立讯精密间接持有目标业务100%股权，单独控制目标业务，属于《反垄断法》第二十五条规定的经营者集中。　　2024年，立讯精密（含关联方）全球和中国境内营业额分别为（略）；目标业务全球和中国境内营业额分别为（略），达到《国务院关于经营者集中申报标准的规定》第三条规定的申报标准，属于应当申报的情形。　　根据《反垄断法》第二十六条规定，“经营者集中达到国务院规定的申报标准的，经营者应当事先向国务院反垄断执法机构申报，未申报的不得实施集中”。2025年1月26日，嘉兴永瑞和闻泰电子完成股权变更登记，1月27日，闻泰信息完成股权变更登记，此前未依法向本机关申报，违反《反垄断法》第二十六条，构成违法实施经营者集中。　　（二）本案不具有排除、限制竞争的效果。　　本机关就立讯精密收购闻泰科技部分业务对市场竞争的影响进行了评估，评估认为，该项经营者集中不会产生排除、限制竞争效果。　　上述事实，有立讯精密提交的情况说明、目标业务变更登记证明、股权转让协议、2024年财务报表及审计报告等证据证明。　　四、行政处罚依据和决定　　本机关认为，立讯精密负有依法申报经营者集中的法律义务，未依法事先申报实施经营者集中，违反《反垄断法》第二十六条规定，构成违法实施经营者集中。依据《反垄断法》第三十三条，评估认为本项集中不具有排除、限制竞争的效果。　　依据《反垄断法》第五十八条、第五十九条以及《违法实施经营者集中行政处罚裁量权基准（试行）》第五条、第六条、第七条、第九条等规定，本机关综合考虑了当事人违法行为的性质、程度、持续时间和消除违法行为后果的情况等。立讯精密在本机关掌握该违法实施经营者集中行为前主动报告，具有从轻处罚情形。同时，立讯精密在发现违法事实后积极整改，完善反垄断合规管理制度并有效实施，决定对立讯精密处以90万元罚款的行政处罚。　　《行政处罚法》第六十七条规定“作出罚款决定的行政机关应当与收缴罚款的机构分离。除依照本法第六十八条、第六十九条的规定当场收缴的罚款外，作出行政处罚决定的行政机关及其执法人员不得自行收缴罚款。当事人应当自收到行政处罚决定书之日起十五日内，到指定的银行或者通过电子支付系统缴纳罚款。银行应当收受罚款，并将罚款直接上缴国库”。　　当事人应当自收到本行政处罚决定书之日起十五日内，携缴款码到15家中央财政非税收入收缴代理银行（工、农、中、建、交、中信、光大、招商、邮储、华夏、平安、兴业、民生、广发、浙商）任一银行网点、网上银行缴纳罚款。缴款码：（略）。到期不缴纳罚款的，依据《行政处罚法》第七十二条的规定，本机关将每日按罚款数额的百分之三加处罚款，并依法申请人民法院强制执行。　　当事人如对上述行政处罚决定不服，可以自收到本行政处罚决定书之日起六十日内，向国家市场监督管理总局申请行政复议；或者自收到本行政处罚决定书之日起六个月内，依法向北京知识产权法院提起行政诉讼。行政复议或者行政诉讼期间，本行政处罚决定不停止执行。　　市场监管总局　　2026年5月21日（文章来源：财联社）,http://finance.eastmoney.com/a/202605273751259846.html
东方财富-大河财立方,2026-05-27 15:10:11,罚款90万元！立讯精密收购闻泰科技部分业务违法,【大河财立方消息】5月21日，市场监管总局对立讯精密工业股份有限公司收购闻泰科技股份有限公司部分业务违法实施经营者集中案作出行政处罚决定，现将行政处罚决定书予以公告。　　立讯精密负有依法申报经营者集中的法律义务，未依法事先申报实施经营者集中，违反《反垄断法》第二十六条规定，构成违法实施经营者集中。　　依据《反垄断法》第三十三条，评估认为本项集中不具有排除、限制竞争的效果。　　依据《反垄断法》第五十八条、第五十九条以及《违法实施经营者集中行政处罚裁量权基准（试行）》第五条、第六条、第七条、第九条等规定，市场监管总局综合考虑了当事人违法行为的性质、程度、持续时间和消除违法行为后果的情况等。　　立讯精密在市场监管总局掌握该违法实施经营者集中行为前主动报告，具有从轻处罚情形。同时，立讯精密在发现违法事实后积极整改，完善反垄断合规管理制度并有效实施，决定对立讯精密处以90万元罚款的行政处罚。（文章来源：大河财立方）,http://finance.eastmoney.com/a/202605273751262912.html
东方财富-东方财富Choice数据,2026-05-26 16:32:24,大宗交易：立讯精密成交1.42亿元（5-26）,2026年5月26日，立讯精密发生3笔大宗交易，共成交196.47万股，成交金额1.42亿元，占其流通市值比例为0.03%。3笔大宗交易成交均价72.45元，较该股当日收盘价72.45元持平。其中，机构席位买入196.47万股，成交额1.42亿元。免责声明：本文基于AI生产，仅供参考，不构成任何投资建议，据此操作风险自担。东方财富发布此内容旨在传播更多信息，与本平台立场无关。东方财富力求但不保证数据的完全准确，如有错漏请以中国证监会指定上市公司信息披露媒体为准，东方财富不对因该资料全部或部分内容而引致的盈亏承担任何责任。用户个人对服务的使用承担风险，东方财富对此不作任何类型的担保。,http://stock.eastmoney.com/a/202605263749684451.html
东方财富-中国证券报·中证网,2026-05-25 22:16:00,立讯精密：不考虑整车组装业务,中证报中证网讯5月25日，立讯精密披露投资者关系活动记录表。5月22日，在公司2025年度股东会交流中，立讯精密表示，公司不考虑整车组装业务。公司汽车板块当前的经营重点是为中国车企出海提供Tier 1（车厂一级供应商）全球制造配套服务，同时为海外汽车品牌提供全球配套资源。目前，公司是中国Tier 1供应商中全球服务布局较为完整的企业之一。　　立讯精密表示，全球AI算力需求在未来三至五年内仍将保持强劲增长。谈及人形机器人时，立讯精密表示，公司会持续关注、学习并谨慎投入。　　AI算力需求三至五年内将保持强劲增长　　立讯精密表示，公司自2013年起即推动传统线缆连接器业务向通信产业拓展；2020年初开始布局AI算力赛道；自2024年以来，公司积极开拓海外CSP（云服务提供商）市场，并向客户推介通信产业的成熟产品。过去两年，公司在技术端和商务端均取得较好成果，相关能力得到客户认可。　　立讯精密认为，全球AI算力需求在未来三至五年内仍将保持强劲增长，但能源短缺会带来一定挑战。公司从通信赛道切入AI算力赛道，是因为看到这部分业务未来3-5年都会有较好的成长空间，其发展机遇可类比公司2017年在消费电子领域所面临的机遇。　　立讯精密表示，作为AI算力供应链企业，公司正在快速引入AI平台，通过AI提升自身管理与制造环节的效率，在争取商业机会的同时，推进内部各项运作效能提升。　　立讯精密表示，对公司而言，液冷业务当前以打好能力基础为主；在电源业务方面，公司仅介入低压DC-DC领域。综合考虑宏观环境和公司自身基础，这两部分业务仍需要更多沉淀，待基础更加成熟后再发力。　　持续关注、谨慎投入人形机器人行业　　谈及人形机器人时，立讯精密称，公司会持续关注、学习并谨慎投入。公司认为，长期来看，全球或存在大量机器人需求，但大规模需求到来的时间尚不明确。　　立讯精密表示，在人形机器人领域，当前行业最需要的是机器人专用标准零部件。公司常熟工厂已具备相关能力，可以配合核心客户同步开发这类专用零部件，不必完全沿用工业或汽车领域的现有零部件。作为大规模制造企业，公司拥有丰富的应用场景，可与行业共同成长；但在行业尚不成熟时，公司不会进行大规模投入。　　立讯精密称，目前，全球机器人行业缺乏统一法规与行业标准。未来具备较大市场需求的机器人，预计会首先出现在安全风险较低、容错空间相对较大的室内商业场景，并逐步培育市场。此外，对公司内部而言，公司可将机器人相关功能拆解后应用到自身智能制造环节。（文章来源：中国证券报·中证网）,http://finance.eastmoney.com/a/202605253748528029.html
东方财富-证券日报,2026-05-25 20:02:00,立讯精密：PCB目前不在公司短期发展计划内,立讯精密在接受调研者提问时表示，PCB目前不在公司短期发展计划内。（文章来源：证券日报）,http://finance.eastmoney.com/a/202605253748376410.html
东方财富-时代周报,2026-05-27 23:13:56,收购“踩线”反垄断被罚90万，立讯精密回应：不影响经营和已经完成的交易,立讯精密（002475.SZ）的重大资产收购又“摊上事”了。　　5月27日午后，国家市场监督管理总局（简称“市场监管总局”）公告行政处罚决定书，认定立讯精密收购*ST闻泰（600745.SH）部分业务构成违法实施《反垄断法》第二十五条规定的经营者集中，对其处以90万元罚款。 　　图片来源：国家市场监督管理总局　　监管部门同时明确，经评估本次集中不具有排除、限制竞争的效果，罚款系结合立讯精密主动报告、积极整改等情节作出的从轻裁量。　　为了解更多细节，时代周报记者于5月27日下午分别联系两家公司，其中立讯精密公司人士回应称：“公司已收到并尊重相关行政处罚决定，将依法按期缴纳90万元罚款。该处罚不影响公司正常经营及财务状况。公司高度重视反垄断及经营者集中申报相关合规要求，已就本次事项积极整改，并进一步完善反垄断合规管理机制。”　　5月27日，A股消费电子板块整体窄幅震荡。立讯精密股价全天震荡，截至收盘跌1.19%，报收71.59元/股，总市值跌至5216亿元左右；*ST闻泰则强势涨停，报收18.75元/股，总市值涨至233亿元左右。　　处罚仅针对程序性违法　　此次触发反垄断处罚的交易，是立讯精密与*ST闻泰43.89亿元重大资产交易中的组成部分。　　根据深交所公告及市场监管总局处罚决定书，2025年1月23日，立讯精密全资子公司立讯通讯（上海）有限公司与*ST闻泰全资子公司闻泰通讯股份有限公司签署《股权转让协议》，收购嘉兴永瑞电子科技有限公司、上海闻泰电子科技有限公司、上海闻泰信息科技有限公司三家公司100%股权，对应*ST闻泰旗下部分电子产品代工业务，其中嘉兴永瑞负责生产制造环节，两家上海公司负责软件与技术研发环节。　　2025年1月26日、27日，上述三家标的公司先后完成股权变更登记，立讯精密间接取得目标业务100%股权并实现单独控制。　　从交易结构来看，该笔收购属于*ST闻泰整体剥离消费电子ODM业务的核心一环，整体交易涵盖9家标的公司股权与多项业务资产包，总交易对价确定为43.89亿元，资金来源于立讯精密自有及自筹资金。　　从合规层面看，本次交易触及经营者集中申报红线却未履行事前义务。依据《反垄断法》第二十五条、第二十六条规定，经营者集中达到申报标准的，应当事先向反垄断执法机构申报，未申报不得实施集中。经监管核查，2024年立讯精密（含关联方）与目标业务的全球及中国境内营业额，均已达到《国务院关于经营者集中申报标准的规定》第三条的申报门槛，属于法定应当申报的情形。　　2025年2月17日，立讯精密主动向市场监管总局提交说明材料，告知案涉交易涉嫌违法实施经营者集中；2025年9月5日，监管部门正式立案调查；同年11月27日，监管部门完成竞争效果评估；2026年5月21日，市场监管总局作出最终处罚决定，并于5月27日披露公告。　　对于该处罚，上海明伦律师事务所的王智斌律师5月27日接受时代周报记者采访时表示，市场监管总局认定本案不具有排除、限制竞争效果，表明交易完成后电子产品代工市场的竞争格局依然充分，立讯精密取得控制权并未显著改变市场结构或抬高市场进入壁垒，交易本身在竞争法层面属于中性行为。90万元罚款处于法定裁量区间的较低水平，体现了过罚相当与包容审慎的执法态度。　　那么该处罚会影响已经完成的交易吗？上述立讯精密公司人士回应时明确表示“不影响”。王智斌进一步解释称，该行政处罚仅针对程序性违法，即未依法事先申报这一行为，并不否定交易本身的效力，也不会对已完成的股权变更登记及资产交割产生溯及力。立讯精密已实际取得三家目标公司股权，权属状态稳定，整体交易的合法性不因程序瑕疵而受到实质性冲击。执法目的侧重于警示和督促合规，而非撤销交易或恢复原状。　　此外，王智斌还指出，现行反垄断执法实践中，违法实施经营者集中的法律责任通常由取得控制权的收购方承担，出让方*ST闻泰并不因本次交易而承担连带申报义务或行政处罚，除非存在双方合谋规避申报的明确证据。　　印度资产仲裁悬而未决　　这场大额交易对立讯精密与*ST闻泰而言，均承载着核心战略转型目标。不过，目前双方尚未完成全部资产包的交割。　　从*ST闻泰的角度，出售消费电子代工业务是其剥离非核心、聚焦半导体的关键举措。*ST闻泰早年为手机ODM行业巨头，受行业低毛利率、客户议价权压制等因素影响，2018年起通过收购安世半导体向功率半导体赛道转型。完成转型后，公司启动ODM业务剥离，旨在集中资源巩固半导体行业地位。　　而立讯精密的核心诉求，则是突破果链依赖、补齐安卓代工能力。作为苹果供应链核心企业，2024年立讯精密第一大客户销售额占比高达70.74%，单一客户依赖风险突出。*ST闻泰拥有三星、小米、OPPO等安卓阵营核心客户资源，收购其代工业务可快速补齐安卓生态的研发与制造资源，缩短自主培育周期，优化客户结构。　　对于双方都战略意义重大的交易，却在印度资产包环节陷入僵局。根据双方公告，截至2026年1月，整体交易中除印度闻泰业务资产包外，其余境内外资产均已完成权属变更登记。　　立讯精密方面称，印度闻泰相关资产存在查封、冻结等交割受限情形，因涉及当地政府调查、程序未完结，无法办理权属变更，合同目的已无法实现，因此主张终止《印度资产协议》，要求*ST闻泰退还已支付的19.77亿卢比（约1.53亿元）款项，且未支付1.6亿元尾款。　　*ST闻泰则持相反态度，公司表示印度资产包已完成实质转移，仅土地权属变更需立讯精密配合，立讯精密单方终止协议不具备合法性。*ST闻泰已在新加坡国际仲裁中心提出反请求，要求立讯精密继续履约、支付尾款并赔偿损失。　　截至2026年5月27日，该跨境仲裁暂无最新进展，双方也未就此事对时代周报记者做出回应。（文章来源：时代周报）,http://finance.eastmoney.com/a/202605273751663318.html
东方财富-每日经济新闻,2026-05-28 06:08:16,立讯精密回应收购闻泰科技部分业务被罚90万元：已就本次事项积极整改,因收购闻泰科技部分业务构成违法实施经营者集中，“果链”龙头立讯精密（SZ002475，股价71.59元，市值5216亿元）被罚90万元。　　5月27日，市场监管总局发布立讯精密工业股份有限公司收购闻泰科技股份有限公司部分业务违法实施经营者集中案行政处罚决定书。市场监管总局认为，立讯精密负有依法申报经营者集中的法律义务，未依法事先申报实施经营者集中，违反反垄断法相关规定，构成违法实施经营者集中，但不具有排除、限制竞争的效果。　　市场监管总局综合考虑了当事人违法行为的性质、程度、持续时间和消除违法行为后果的情况等，立讯精密在市场监管总局掌握该违法实施经营者集中行为前主动报告，具有从轻处罚情形。同时，立讯精密在发现违法事实后积极整改，完善反垄断合规管理制度并有效实施，决定对立讯精密处以90万元罚款的行政处罚。　　5月27日，记者联系立讯精密方面了解情况，公司回应称，公司已收到并尊重相关行政处罚决定，将依法按期缴纳90万元罚款，该处罚不影响公司正常经营及财务状况。　　公开资料显示，2024年年底，闻泰科技发布公告称，公司与立讯有限签署了《出售意向协议》，拟将公司及控股子公司拥有的部分与产品集成业务相关的标的公司股权和标的经营资产转让给立讯有限或其指定方。立讯有限系上市公司立讯精密的控股股东。　　据悉，闻泰科技此次拟出售的标的资产为，与产品集成业务相关的9家标的公司股权和标的经营资产。其中，仅嘉兴永瑞100%股权、闻泰信息100%股权、闻泰电子100%股权由闻泰科技全资子公司闻泰通讯与立讯精密签署《股权转让协议》。　　具体来看，2025年1月23日，立讯精密通过全资子公司立讯通讯与闻泰科技全资子公司闻泰通讯签署《股权转让协议》，随后，嘉兴永瑞、闻泰电子及闻泰信息相继完成股权变更登记，立讯精密间接取得前述三家公司100%股权。　　同年2月17日，立讯精密向市场监管总局提交说明材料，主动告知立讯精密收购嘉兴永瑞等三家公司股权的交易涉嫌违法实施经营者集中。9月5日，市场监管总局对本案立案调查。　　立讯精密方面进一步表示，公司高度重视反垄断及经营者集中申报相关合规要求，已就本次事项积极整改，并进一步完善反垄断合规管理机制。　　截至目前，立讯精密已完成了对闻泰科技部分子公司股权及资产的收购，闻泰的相关资产主要集中于非苹果客户的消费电子系统集成业务。业内普遍认为，这笔交易有助于立讯拓展苹果之外的客户。　　值得注意的是，根据立讯精密发布的2025年财报数据计算，去年公司来自第一大客户的营收为1883.81亿元，占年度销售总额的比例从2024年的70.74%下降至56.68%。而在2021年至2024年期间，立讯精密的第一大客户销售占比曾连续四年维持在70%以上。与此同时，其他消费电子业务营收从2024年的339.55亿元增至2025年的758.85亿元。这意味着立讯正降低对单一大客户的依赖。（文章来源：每日经济新闻）,http://finance.eastmoney.com/a/202605273751609489.html
东方财富-证券日报,2026-05-27 19:00:00,立讯精密收购闻泰科技部分业务因未事先申报遭罚90万元,5月27日，据市场监督管理总局官网，5月21日，市场监督管理总局对立讯精密工业股份有限公司（以下简称“立讯精密”）收购闻泰科技股份有限公司（以下简称“闻泰科技”）部分业务违法实施经营者集中的行为，处以90万元罚款。　　市场监管总局处罚决定书显示，2025年1月23日，立讯精密全资子公司与闻泰科技全资子公司签署协议，收购嘉兴永瑞电子科技有限公司等三家公司100%股权，对应闻泰科技电子产品代工相关生产制造、软件技术研发业务。2025年1月25日至1月27日，相关股权完成变更登记，立讯精密实现对目标业务单独控制。　　2025年2月17日，立讯精密主动向市场监管总局报告该交易涉嫌违法实施经营者集中。因交易双方2024年营业额均达到法定申报标准，立讯精密未事先申报即完成集中，违反《反垄断法》相关规定。　　市场监管总局评估认为，本次集中不具有排除、限制竞争效果。鉴于立讯精密主动报告、积极整改并完善合规制度，依据相关法规从轻处罚，最终作出90万元罚款决定。当事人可在法定期限内申请复议或提起诉讼。（文章来源：证券日报）,http://finance.eastmoney.com/a/202605273751456197.html
东方财富-证券时报网,2026-05-26 17:41:00,立讯精密发生3笔大宗交易 合计成交1.42亿元,立讯精密5月26日大宗交易平台共发生3笔成交，合计成交量196.47万股，成交金额1.42亿元。成交价格均为72.45元。从参与大宗交易营业部来看，机构专用席位共出现在3笔成交的买方或卖方营业部中，合计成交金额为1.42亿元，净买入1.42亿元。　　进一步统计，近3个月内该股累计发生17笔大宗交易，合计成交金额为17.97亿元。　　证券时报·数据宝统计显示，立讯精密今日收盘价为72.45元，下跌3.01%，日换手率为2.15%，成交额为112.99亿元，全天主力资金净流出13.19亿元，近5日该股累计上涨0.07%，近5日资金合计净流出27.14亿元。　　两融数据显示，该股最新融资余额为71.83亿元，近5日减少17.09亿元，降幅为19.22%。（数据宝）　　5月26日立讯精密大宗交易一览　　成交量（万股）成交金额（万元）成交价格（元）相对当日收盘折溢价（%） 买方营业部卖方营业部95.396911.3372.450.00机构专用中国中金财富证券有限公司深圳分公司72.075221.5772.450.00机构专用华泰证券股份有限公司上海浦东新区滨江大道证券营业部29.012101.5472.450.00机构专用国信证券股份有限公司深圳后海分公司（文章来源：证券时报网）,http://finance.eastmoney.com/a/202605263749795762.html
东方财富-证券日报,2026-05-25 19:06:00,立讯精密：AI眼镜尚未成为工作和生活的刚需,证券日报网5月25日讯 ，立讯精密在接受调研者提问时表示，目前，端侧AI产品尚未形成达到百万级、千万级出货规模的消费者刚需产品。AI眼镜仅在部分细分场景，如提词器、翻译工具、投屏显示等方面具备应用价值，尚未成为工作和生活的刚需。公司会紧跟行业发展步伐，保持技术领先。对于AI手机，公司认为，其核心壁垒不在于硬件实现，而在于生态建设以及对各地区政策法规环境的适配。作为硬件制造厂商，公司需要识别未来有能力创造颠覆性产品的客户，并与其保持紧密合作。（文章来源：证券日报）,http://finance.eastmoney.com/a/202605253748340164.html
东方财富-深圳商报·读创,2026-05-27 15:50:01,涉收购闻泰科技业务，违反《反垄断法》！立讯精密被罚90万元,5月27日，市场监管总局发布立讯精密工业股份有限公司收购闻泰科技股份有限公司部分业务违法实施经营者集中案行政处罚决定书。　　此前，5月21日，市场监管总局对立讯精密工业股份有限公司收购闻泰科技股份有限公司部分业务违法实施经营者集中案作出行政处罚决定，现将行政处罚决定书予以公告。　　决定书显示，市场监管总局认为，立讯精密负有依法申报经营者集中的法律义务，未依法事先申报实施经营者集中，违反《反垄断法》第二十六条规定，构成违法实施经营者集中。依据《反垄断法》第三十三条，评估认为本项集中不具有排除、限制竞争的效果。　　依据《反垄断法》第五十八条、第五十九条以及《违法实施经营者集中行政处罚裁量权基准（试行）》第五条、第六条、第七条、第九条等规定，市场监管总局综合考虑了当事人违法行为的性质、程度、持续时间和消除违法行为后果的情况等。立讯精密在市场监管总局掌握该违法实施经营者集中行为前主动报告，具有从轻处罚情形。同时，立讯精密在发现违法事实后积极整改，完善反垄断合规管理制度并有效实施，决定对立讯精密处以90万元罚款的行政处罚。　　《行政处罚法》第六十七条规定“作出罚款决定的行政机关应当与收缴罚款的机构分离。除依照本法第六十八条、第六十九条的规定当场收缴的罚款外，作出行政处罚决定的行政机关及其执法人员不得自行收缴罚款。当事人应当自收到行政处罚决定书之日起十五日内，到指定的银行或者通过电子支付系统缴纳罚款。银行应当收受罚款，并将罚款直接上缴国库”。　　立讯精密是一家全球领先的精密智造创新科技公司，成立于2004年5月24日，于2010年9月15日在深交所中小企业板成功挂牌上市。截至5月27日收盘，立讯精密股价跌1.19%，市值超5200亿元。　　来源：读创财经（文章来源：深圳商报·读创）,http://finance.eastmoney.com/a/202605273751285467.html
东方财富-消费日报财经,2026-05-27 19:09:00,立讯精密被市场监管总局罚款90万元，事起收购闻泰科技部分资产,5月27日，记者从市场监管总局官网获悉，近日，市场监管总局对立讯精密工业股份有限公司收购闻泰科技股份有限公司部分业务违法实施经营者集中案作出行政处罚决定。　　根据公开信息，2025年1月23日，立讯精密通过全资子公司立讯通讯（上海）有限公司与闻泰科技全资子公司闻泰通讯股份有限公司签署《股权转让协议》，拿下闻泰科技有关代工业务的100%控制权。涉事的嘉兴永瑞、上海闻泰电子科技有限公司、上海闻泰信息科技有限公司等三家公司分别承担生产、研发等职责，整体构成闻泰科技电子产品代工业务的重要板块。1月27日，闻泰信息完成股权变更登记，立讯精密间接取得目标业务100%股权，单独控制目标业务。随后在2025年2月，立讯精密主动向监管部门报备该交易。　　也就是说，这起并购并不是“没有意识到监管要求”，而是在交易完成后才补报。而反垄断制度的关键点恰恰在于：达到申报标准的经营者集中，必须在实施前申报，经批准后方可实施。一旦“先斩后奏”，即便后续主动补报，也可能已经构成违法。2025年9月，监管部门对此正式立案调查。　　最终，监管部门认定：立讯精密负有依法申报经营者集中的法律义务，未依法事先申报实施经营者集中，违反《反垄断法》第二十六条规定，构成违法实施经营者集中。　　鉴于立讯精密在市场监管总局掌握该违法实施经营者集中行为前主动报告，具有从轻处罚情形。同时，立讯精密在发现违法事实后积极整改，完善反垄断合规管理制度并有效实施，决定对立讯精密处以90万元罚款的行政处罚。 　　立讯精密与闻泰科技，都是制造业和电子产业链中颇具代表性的企业。其中，闻泰科技下设两大业务板块，包括半导体与产品集成业务。两大业务板块主要分别为全球客户提供半导体功率器件、模拟芯片的研发设计、晶圆制造和封装测试；手机、平板、笔电、AIoT、家电、汽车电子等终端产品研发制造服务。　　立讯精密则是“果链巨头”，最初靠为富士康代工起家，创始人王来春曾是富士康员工，公司总部位于广东东莞，2010年9月在深交所挂牌上市（股票代码：002475）。　　立讯精密官网显示，公司致力于为消费电子产品（智能手机、智能可穿戴设备、混合虚拟现实设备、声学模组、无线充电模组、LCP天线、震动马达、VCM等）、汽车领域产品（汽车线束、 汽车连接器、智能座舱、智能驾驶等）以及企业通讯产品（高速互联、光模块、散热模块、电源、基站天线、基站滤波器等）提供从核心零部件、模组到系统组装的一体化智能制造解决方案。　　近年来立讯精密通过内生增长与外延并购相结合的方式，持续拓展业务版图。2026年4月14日，立讯精密发布2025年报，公司全年实现营收3323.44亿元，同比增长23.64%；归母净利润165.99亿元，同比增长24.20%。　　其中，消费电子业务全年实现收入2642.66亿元，占总营收比重79.52%，同比增长13.37%；汽车业务收入达392.55亿元，同比大增185.34%。通讯及数据中心业务实现收入245.68亿元，营收占比进一步提升。　　从盈利水平来看，立讯精密2025年整体毛利率为11.91%，同比提升1.5个百分点。分业务看，通讯及数据中心业务毛利率最高，达18.40%，同比提升2个百分点；汽车电子业务毛利率为15.75%，基本保持稳定；消费电子业务毛利率为10.64%，同比提升1.16个百分点。高毛利率板块的收入占比持续提升。　　截至5月27日A股收盘，立讯精密股价下跌1.19%至71.59元/股，市值超5200亿元。近一年来立讯精密大涨超120%。 　　来源：国家市场监督管理总局官网、立讯精密官网以及公告等（文章来源：消费日报财经）,http://finance.eastmoney.com/a/202605273751443612.html
东方财富-财中社,2026-05-25 09:12:00,立讯精密：暂不考虑整车组装业务,5月25日，立讯精密（002475）发布公告，公司于2026年5月22日召开了年度股东会。　　在技术方面，公司认为光连接和铜连接各有优势，未来铜连接领域的供应商集中度将更高。液冷业务和电源业务目前仍需更多沉淀，待基础成熟后再发力。　　对于AI算力领域的资本开支，公司预计未来3至5年将保持强劲增长，但能源短缺会带来挑战。此外，公司在AI眼镜和AI手机领域的需求尚未形成大规模市场，未来将继续关注行业发展并保持技术领先。　　公司在汽车板块的经营重点是为中国车企提供全球制造配套服务，并不考虑整车组装业务。在人形机器人领域，公司具备相关能力，可以与核心客户开发专用零部件。　　2026年一季度，立讯精密实现收入838.88亿元，归母净利润36.60亿元。（文章来源：财中社）,http://finance.eastmoney.com/a/202605253747603911.html
东方财富-证券日报,2026-05-25 19:06:00,立讯精密：存储芯片涨价本身并未给公司带来额外成本压力,立讯精密在接受调研者提问时表示，ODM/JDM厂商通常不直接承担存储、显示屏、电池、CPU等核心零部件价格波动带来的成本风险，因此，存储芯片涨价本身并未给公司带来额外成本压力。（文章来源：证券日报）,http://finance.eastmoney.com/a/202605253748339322.html
东方财富-市场监管总局,2026-05-27 19:41:00,市场监管总局依法对立讯精密工业股份有限 公司违法实施经营者集中案作出从轻处罚决定,5月21日，市场监管总局依法对立讯精密工业股份有限公司（以下简称立讯精密）收购闻泰科技股份有限公司部分业务违反《中华人民共和国反垄断法》实施经营者集中案作出行政处罚决定，综合考虑立讯精密主动报告违法事实、完善反垄断合规管理制度并有效实施等情形，决定对其处以90万元罚款。　　2025年2月17日，立讯精密主动向市场监管总局报告，其收购闻泰科技股份有限公司部分业务的交易涉嫌违法实施经营者集中。经调查，该交易确系在未依法申报的情况下完成，违反了《中华人民共和国反垄断法》关于经营者集中事先申报的有关规定。经评估，该项交易不具有排除、限制竞争的效果。鉴于立讯精密在市场监管总局尚未掌握其违法事实前主动报告，符合法定从轻处罚情形。同时，立讯精密主动完善并有效实施反垄断合规管理制度，符合一项下调罚款情形。依据《中华人民共和国反垄断法》和《违法实施经营者集中行政处罚裁量权基准（试行）》相关规定，市场监管总局依法对立讯精密从轻处罚并下调罚款数额，作出上述处罚决定。　　本案充分体现了反垄断执法“处罚与教育相结合”的原则，激励经营主体主动报告违法行为，争取降低罚款金额。市场监管总局提示经营主体，要敬畏法律、重视合规，在发现自身可能存在未依法申报经营者集中等违法情形时，主动采取措施消除或者减轻违法后果，主动向监管部门报告违法行为，积极配合调查，建立或者完善反垄断合规管理制度并有效实施，争取在处罚裁量中获得监管部门的认可，避免更严重的法律后果。（文章来源：市场监管总局）,http://finance.eastmoney.com/a/202605273751471354.html
东方财富-每日经济新闻,2026-05-27 20:23:11,立讯精密回应被罚90万元：已就本次事项积极整改，并进一步完善反垄断合规管理机制,5月27日，市场监管总局发布立讯精密工业股份有限公司收购闻泰科技股份有限公司部分业务违法实施经营者集中案行政处罚决定书。市场监管总局认为，立讯精密负有依法申报经营者集中的法律义务，未依法事先申报实施经营者集中，违反反垄断法相关规定，构成违法实施经营者集中，但不具有排除、限制竞争的效果。　　市场监管总局决定对立讯精密处以90万元罚款的行政处罚。　　5月27日，记者联系立讯精密方面了解情况，公司回应称，本次处罚系公司收购闻泰科技部分业务未及时进行经营者集中申报。经主管机关调查评估，本项经营者集中不具有排除、限制竞争的效果。公司已收到并尊重相关行政处罚决定，将依法按期缴纳90万元罚款。该处罚不影响公司正常经营及财务状况。　　立讯方面还表示：“公司高度重视反垄断及经营者集中申报相关合规要求，已就本次事项积极整改，并进一步完善反垄断合规管理机制。”（文章来源：每日经济新闻）,http://finance.eastmoney.com/a/202605273751487771.html
东方财富-中国证券报,2026-05-27 15:32:00,立讯精密收购闻泰科技部分业务违法实施经营者集中，市场监管总局处罚,市场监管总局发布立讯精密工业股份有限公司收购闻泰科技股份有限公司部分业务违法实施经营者集中案行政处罚决定书　　2026年5月21日，市场监管总局对立讯精密工业股份有限公司收购闻泰科技股份有限公司部分业务违法实施经营者集中案作出行政处罚决定，现将行政处罚决定书予以公告。　　来源：市场监管总局网站（文章来源：中国证券报）,http://finance.eastmoney.com/a/202605273751270131.html
东方财富-界面新闻,2026-05-26 17:20:34,立讯精密今日大宗交易平价成交196.47万股，成交额1.42亿元,5月26日，立讯精密大宗交易成交196.47万股，成交额1.42亿元，占当日总成交额的1.24%，成交价72.45元，较市场收盘价72.45元持平。 （文章来源：界面新闻）,http://finance.eastmoney.com/a/202605263749774368.html
东方财富-中国证券报·中证金牛座,2026-05-27 17:40:08,立讯精密遭市场监管总局处罚！收购闻泰科技部分业务涉嫌违法实施经营者集中,5月27日，市场监管总局发布立讯精密收购闻泰科技部分业务违法实施经营者集中案行政处罚决定书。该决定书显示对立讯精密处以90万元罚款的行政处罚。　　2025年2月17日，立讯精密主动向市场监管总局报告，其收购闻泰科技股份有限公司部分业务的交易涉嫌违法实施经营者集中。　　经调查，该交易确系在未依法申报的情况下完成，违反了《中华人民共和国反垄断法》关于经营者集中事先申报的有关规定。　　经评估，该项交易不具有排除、限制竞争的效果。鉴于立讯精密在市场监管总局尚未掌握其违法事实前主动报告，符合法定从轻处罚情形；同时，立讯精密主动完善并有效实施反垄断合规管理制度，符合一项下调罚款情形。依据《中华人民共和国反垄断法》和《违法实施经营者集中行政处罚裁量权基准（试行）》相关规定，市场监管总局依法对立讯精密从轻处罚并下调罚款数额，作出上述处罚决定。　　本案充分体现了反垄断执法“处罚与教育相结合”的原则，激励经营主体主动报告违法行为，争取降低罚款金额。　　市场监管总局提示经营主体，要敬畏法律、重视合规，在发现自身可能存在未依法申报经营者集中等违法情形时，主动采取措施消除或者减轻违法后果，主动向监管部门报告违法行为，积极配合调查，建立或者完善反垄断合规管理制度并有效实施，争取在处罚裁量中获得监管部门的认可，避免更严重的法律后果。（文章来源：中国证券报·中证金牛座）,http://finance.eastmoney.com/a/202605273751396712.html
东方财富-澎湃新闻,2026-05-27 18:05:00,立讯精密被罚90万元：收购闻泰科技部分业务未事先申报，构成违法实施经营者集中,因收购闻泰科技部分业务构成违法实施经营者集中，“果链”龙头立讯精密被罚90万元。　　5月27日，据市场监管总局网站，2026年5月21日，市场监管总局对立讯精密工业股份有限公司（简称“立讯精密”，002475.SZ）收购闻泰科技股份有限公司（简称“闻泰科技”或“*ST闻泰”，600745.SH）部分业务违法实施经营者集中案作出行政处罚决定，现将行政处罚决定书予以公告。 　　经查，该案构成违法实施经营者集中，但不具有排除、限制竞争的效果。　　市场监管总局表示，综合考虑立讯精密主动报告违法事实、完善反垄断合规管理制度并有效实施等情形，决定对其处以90万元罚款。　　根据行政处罚决定书，上述交易发生在2025年1月。立讯精密为收购方，闻泰科技为股权出让方，目标业务为闻泰科技通过嘉兴永瑞、上海闻泰电子科技有限公司（以下简称闻泰电子）、上海闻泰信息科技有限公司（以下简称闻泰信息）等三家公司从事的部分电子产品代工业务。　　具体来看，2025年1月23日，立讯精密通过全资子公司立讯通讯（上海）有限公司（以下简称立讯通讯）与闻泰科技全资子公司闻泰通讯股份有限公司（以下简称闻泰通讯）签署《股权转让协议》，闻泰通讯将其持有的目标业务股权转让给立讯通讯。2025年1月26日，嘉兴永瑞和闻泰电子完成股权变更登记，2025年1月27日，闻泰信息完成股权变更登记，立讯精密间接取得目标业务100%股权，单独控制目标业务。　　经查，本次交易前，闻泰科技间接持有目标业务100%股权，单独控制目标业务；本次交易后，立讯精密间接持有目标业务100%股权，单独控制目标业务，属于《反垄断法》第二十五条规定的经营者集中。　　2025年2月17日，立讯精密向市场监管总局提交说明材料，主动告知立讯精密收购嘉兴永瑞电子科技有限公司（以下简称嘉兴永瑞）等三家公司股权的交易涉嫌违法实施经营者集中。经核，上述三家公司是闻泰科技全资子公司，本交易实为立讯精密收购闻泰科技的部分电子产品代工业务。2025年9月5日，市场监管总局对本案立案调查。2025年11月27日，实施进一步调查，对本案是否具有排除、限制竞争效果进行了评估。　　市场监管总局认为，立讯精密负有依法申报经营者集中的法律义务，未依法事先申报实施经营者集中，违反《反垄断法》第二十六条规定，构成违法实施经营者集中。依据《反垄断法》第三十三条，评估认为本项集中不具有排除、限制竞争的效果。　　依据《反垄断法》第五十八条、第五十九条以及《违法实施经营者集中行政处罚裁量权基准（试行）》第五条、第六条、第七条、第九条等规定，本机关综合考虑了当事人违法行为的性质、程度、持续时间和消除违法行为后果的情况等。立讯精密在本机关掌握该违法实施经营者集中行为前主动报告，具有从轻处罚情形。同时，立讯精密在发现违法事实后积极整改，完善反垄断合规管理制度并有效实施，决定对立讯精密处以90万元罚款的行政处罚。　　市场监管总局进一步指出，本案充分体现了反垄断执法“处罚与教育相结合”的原则，激励经营主体主动报告违法行为，争取降低罚款金额。市场监管总局提示经营主体，要敬畏法律、重视合规，在发现自身可能存在未依法申报经营者集中等违法情形时，主动采取措施消除或者减轻违法后果，主动向监管部门报告违法行为，积极配合调查，建立或者完善反垄断合规管理制度并有效实施，争取在处罚裁量中获得监管部门的认可，避免更严重的法律后果。　　官网资料显示，立讯精密成立于2004年5月24日，于2010年9月15日在深圳证券交易所中小企业板挂牌上市。公司致力于为消费电子产品（智能手机、智能可穿戴设备、混合虚拟现实设备、声学模组、无线充电模组、LCP天线、震动马达、VCM等）、汽车领域产品（汽车线束、 汽车连接器、智能座舱、智能驾驶等）以及企业通讯产品（高速互联、光模块、散热模块、电源、基站天线、基站滤波器等）提供从核心零部件、模组到系统组装的一体化智能制造解决方案。　　业绩方面，2025年公司实现营收3323.44亿元，同比增长23.64%；归母净利润166亿元，同比增长24.20%。进入2026年一季度，公司实现营收838.88亿元，同比增长35.77%；归母净利润为36.60亿元，同比增长20.24%。此外，公司预计2026年上半年归母净利润78.4亿元-81.06亿元，同比增长18%-22%。　　当前，立讯精密正在筹划“A+H”上市。公司已于2025年8月18日向香港联交所递交了关于申请发行境外上市外资股（H股）并上市的申请，并于2026年2月27日向香港联交所更新递交了本次发行的申请。　　据大智慧VIP，截至5月27日收盘，立讯精密报71.59元/股，跌1.19%，总市值5216亿元；今年以来累计涨26.63%。（文章来源：澎湃新闻）,http://finance.eastmoney.com/a/202605273751413827.html
东方财富-人民财讯,2026-05-25 08:58:13,立讯精密：光铜并进路线与头部客户布局光芯片、光纤厂商并不矛盾,立讯精密近日召开年度股东会，交流环节中有投资者提问：立讯主张光铜并进，但头部客户英伟达大量布局光芯片、光纤厂商，是否存在矛盾，如何看待光铜路线的发展？立讯精密表示，在公司当前服务的产品中，我们看到未来光连接的需求规模会远大于铜连接，但铜连接的技术门槛同样很高。两者并非简单替代关系，而是会长期共存：短距离场景适用铜连接，长距离及更高速率场景对光连接的需求更大；当铜连接接近信号传输极限时，需要通过光连接解决问题。因此，光铜并进与头部客户布局光芯片、光纤厂商并不矛盾。 （文章来源：人民财讯）,http://finance.eastmoney.com/a/202605253747595496.html
东方财富-东方财富Choice数据,2026-05-25 09:58:54,【调研快报】立讯精密接待公司2025年度股东会参会股东调研,"立讯精密5月25日公告称，5月22日接待公司2025年度股东会参会股东调研。接待人员包括董事长、总经理 王来春,董事、副总经理 钱继文,董事、副总经理 郝杰,独立董事 刘中华,独立董事 宋宇红,独立董事 侯玲玲,财务总监 吴天送,董事会秘书 肖云兮,职工代表董事、证券事务代表 陈蔚航。　　公司就以下问题进行了回复：一、公司董事长、总经理王来春女士与参会股东交流公司经营情况与未来展望

Q1:公司在 AI 算力领域已布局光连接、铜连接、液冷、电源业务,请问公司对技术路线选择的逻辑和未来发展规划是什么?

答:公司自 2013 年起即推动传统线缆连接器业务向通信产业拓展;2020 年初开始布局 AI 算力...点击查看PDF原文免责声明：本文基于AI生产，仅供参考，不构成任何投资建议，据此操作风险自担。东方财富发布此内容旨在传播更多信息，与本平台立场无关。东方财富力求但不保证数据的完全准确，如有错漏请以中国证监会指定上市公司信息披露媒体为准，东方财富不对因该资料全部或部分内容而引致的盈亏承担任何责任。用户个人对服务的使用承担风险，东方财富对此不作任何类型的担保。",http://stock.eastmoney.com/a/202605253747776455.html
东方财富-财联社,2026-05-25 15:34:48,立讯精密：商业航天业务方面目前已供应部分部件,立讯精密(002475.SZ)发布投资者关系活动记录表公告，在人形机器人领域，当前行业最需要的是机器人专用标准零部件。立讯常熟工厂已具备相关能力，可以配合核心客户同步开发这类专用零部件，不必完全沿用工业或汽车领域的现有零部件。　　商业航天业务方面，立讯目前已供应部分部件，但规模不大；海外客户普遍对地缘政治因素较为敏感，产业规模化仍需要一定时间。　　从物理极限来看，896G铜连接仍存在较大挑战，目前行业尚未找到明确的突破方案。行业专家判断，448G铜连接可以满足至2030年前后的需求。在公司当前服务的产品中，我们看到未来光连接的需求规模会远大于铜连接，但铜连接的技术门槛同样很高。两者并非简单替代关系，而是会长期共存：短距离场景适用铜连接，长距离及更高速率场景对光连接的需求更大；当铜连接接近信号传输极限时，需要通过光连接解决问题。因此，光铜并进与头部客户布局光芯片、光纤厂商并不矛盾。 （文章来源：财联社）,http://finance.eastmoney.com/a/202605253748132653.html
东方财富-证券时报网,2026-05-25 17:57:00,立讯精密股东会交流聚焦AI算力与新赛道 光铜并进深耕核心优势,5月25日晚间，立讯精密(002475)公告，公司5月22日在广东东莞召开2025年度股东会交流活动，董事长兼总经理王来春携核心管理层出席，围绕当前市场热点AI算力布局、通信技术路线、汽车业务规划、人形机器人等新兴领域，全面披露最新业务进展与中长期发展规划，集中回应投资者核心关切。　　当前全球AI算力产业持续维持高景气度，成为电子制造企业竞争布局的核心赛道。立讯精密自2020年起正式切入AI算力赛道，2024年以来加速开拓海外CSP市场，向客户推介通信成熟产品，目前已形成光连接、铜连接、液冷、电源四大核心布局。公司判断，未来3至5年全球AI算力需求将保持强劲增长态势，该赛道成长机遇堪比2017年消费电子行业黄金发展期，不过能源短缺问题或将对行业发展带来一定挑战。　　在核心通信技术路线选择上，立讯精密坚持“光铜并进”核心策略，明确两者为长期共存关系，并非简单替代。随着信号传输速率持续提升，光连接可覆盖更远距离、更高传输速率需求，适配长距离高速场景；铜连接聚焦短距离应用，且因需对信号源、线缆、连接器及系统架构进行全方位设计，技术门槛更高，未来铜连接领域头部供应商集中度预计进一步提升，仅少数厂商具备核心竞争力。　　具体产品层面，铜连接领域，公司448GCPC技术已处于行业领先水平，业务进度符合预期，行业专家判断该技术可满足至2030年前后市场需求，而896G铜连接产品受物理极限限制，目前行业尚未找到明确突破方案。　　光模块领域，作为新入局者，公司800G光模块正推进客户验证量产，短期面临成熟同业企业竞争挑战，暂不具备自研1.6T硅光芯片能力，后续将依托供应链伙伴协同发展。　　消费电子端侧AI产品方面，公司表示当前端侧AI产品尚未形成百万级、千万级出货规模的消费者刚需。AI眼镜仅在提词器、翻译工具、投屏显示等细分场景具备应用价值，未成为刚需产品，公司将紧跟行业步伐保持技术领先。　　对于AI手机，立讯认为其核心壁垒不在于硬件实现，而在于生态建设及地区政策法规适配，后续将聚焦具备颠覆性创新能力的客户深化合作。　　汽车业务作为公司第二增长曲线，立讯精密明确表态不考虑整车OEM组装业务，当前汽车板块核心经营重点为中国车企出海提供Tier1全球制造配套服务，同时为海外汽车品牌提供全球配套资源。目前，立讯是国内Tier1供应商中全球服务布局较为完整的企业之一，此前对Leoni的布局已验证成功并收获良好成果，京西布局价值也将逐步释放。　　新兴赛道探索层面，立讯对人形机器人采取持续关注、谨慎投入策略，常熟工厂已具备机器人专用标准零部件开发能力，无需沿用工业或汽车领域现有零部件。公司判断全球机器人长期需求广阔，但大规模需求落地时间尚不明确，行业缺乏统一法规与标准，未来或率先在室内商业场景实现规模化应用。　　商业航天领域，公司已供应部分部件，但规模较小，海外客户对地缘政治因素敏感，产业规模化仍需时间。　　此外，PCB业务暂不纳入公司短期发展计划，液冷、低压DC-DC电源业务正处于夯实基础阶段，待成熟后再发力。　　公司称存储芯片涨价对公司无直接成本压力，ODM/JDM模式有效规避核心零部件价格波动风险。（文章来源：证券时报网）,http://finance.eastmoney.com/a/202605253748297963.html
东方财富-财联社,2026-05-27 15:09:29,市场监管总局发布立讯精密收购闻泰科技部分业务违法实施经营者集中案行政处罚决定书,2026年5月21日，市场监管总局对立讯精密工业股份有限公司收购闻泰科技股份有限公司部分业务违法实施经营者集中案作出行政处罚决定，现将行政处罚决定书予以公告。立讯精密负有依法申报经营者集中的法律义务，未依法事先申报实施经营者集中，违反《反垄断法》第二十六条规定，构成违法实施经营者集中。依据《反垄断法》第三十三条，评估认为本项集中不具有排除、限制竞争的效果。依据《反垄断法》第五十八条、第五十九条以及《违法实施经营者集中行政处罚裁量权基准（试行）》第五条、第六条、第七条、第九条等规定，本机关综合考虑了当事人违法行为的性质、程度、持续时间和消除违法行为后果的情况等。立讯精密在本机关掌握该违法实施经营者集中行为前主动报告，具有从轻处罚情形。同时，立讯精密在发现违法事实后积极整改，完善反垄断合规管理制度并有效实施，决定对立讯精密处以90万元罚款的行政处罚。《行政处罚法》第六十七条规定“作出罚款决定的行政机关应当与收缴罚款的机构分离。除依照本法第六十八条、第六十九条的规定当场收缴的罚款外，作出行政处罚决定的行政机关及其执法人员不得自行收缴罚款。当事人应当自收到行政处罚决定书之日起十五日内，到指定的银行或者通过电子支付系统缴纳罚款。银行应当收受罚款，并将罚款直接上缴国库”。 （文章来源：财联社）,http://finance.eastmoney.com/a/202605273751259136.html
东方财富-北京商报,2026-05-25 22:08:25,立讯精密：机器人尚未成熟阶段不会大规模投入、商业航天业务规模较小,立讯精密发布投资者关系活动记录表，就人形机器人、商业航天领域业务进展作出回应。　　关于人形机器人业务，公司表示，当前行业亟需机器人专用标准零部件，其常熟工厂已具备相关开发能力，可配合核心客户同步研发适配产品，无需沿用工业或汽车领域的现有部件。公司称，将依托大规模制造能力配合行业发展，但在行业尚未成熟阶段不会进行大规模投入。同时，公司判断，具备较大市场需求的机器人产品将率先在安全风险低、容错空间大的室内商业场景落地；此外，公司计划将机器人相关技术拆解应用于自身智能制造环节，优化生产效率。　　针对商业航天业务，立讯精密称目前已供应部分部件，但业务规模仍较小。受海外客户对地缘政治因素的敏感性影响，该产业实现规模化发展仍需时间。（文章来源：北京商报）,http://finance.eastmoney.com/a/202605253748517675.html
东方财富-每日经济新闻,2026-05-25 21:48:00,立讯精密2025年度股东会：存储涨价未带来额外成本压力；持续学习并谨慎投入机器人领域,5月22日，立讯精密（SZ002475，股价74.70元，市值5447.62亿元）召开2025年度股东会，董事长王来春率管理团队与参会股东就AI（人工智能）算力、光铜连接、端侧AI、人形机器人等话题进行了交流。　　5月25日盘后，立讯精密披露经整理后的交流环节内容。　　PCB目前不在公司短期发展计划内 　　对于市场关注的AI算力资本开支前景，立讯精密判断全球AI算力需求在未来3至5年内仍将保持强劲增长，但能源短缺会带来一定挑战。立讯精密方面将这一机遇类比公司2017年在消费电子领域的窗口期。　　在端侧AI方面，立讯精密对AI眼镜的判断较为审慎：目前该品类仅在提词器、翻译工具、投屏显示等细分场景具备应用价值，尚未形成达到百万级、千万级（原文如此——编者注）出货规模的消费者刚需产品，公司会紧跟行业步伐保持技术领先。对于AI手机，王来春认为核心壁垒不在于硬件实现，而在于生态建设以及对各地区政策法规环境的适配，作为硬件制造厂商，公司需要识别未来有能力创造颠覆性产品的客户并保持紧密合作。　　成本端，有股东关注存储芯片涨价影响。立讯精密回应，ODM（原始设计制造商）/JDM（联合设计制造商）厂商通常不直接承担存储、显示屏、电池、CPU（中央处理器）等核心零部件价格波动带来的成本风险，因此存储芯片涨价本身并未带来额外成本压力。此外，对于PCB（印制电路板）布局的提问，公司明确表示“PCB目前不在公司短期发展计划内”。　　在探索新业务领域方面，立讯精密以人形机器人为例表示，长期来看，全球或存在大量机器人需求，但大规模需求到来的时间尚不明确，公司会持续关注、学习并谨慎投入。　　立讯精密还透露，在人形机器人领域，当前行业最需要的是机器人专用标准零部件，而立讯常熟工厂已具备相关能力，可以配合核心客户同步开发这类专用零部件，不必完全沿用工业或汽车领域的现有零部件。但在行业尚不成熟时，公司不会进行大规模投入。　　立讯精密高层还预计，未来具备较大市场需求的机器人将首先出现在安全风险较低、容错空间较大的室内商业场景。　　专家判断448G铜连接可满足至2030年前后的行业需求 　　在光模块领域，立讯精密透露，作为该领域的新进入者，上市公司面对的是多家历史悠久、能力成熟的同业企业，短期仍面临诸多挑战，商务层面和营收规模的拓展需要时间。立讯精密同时坦承，目前暂不具备自研1.6T硅光芯片的能力。　　铜连接则是立讯精密优势更为显著的赛道。公司在448G CPC（共封装连接器）技术上已处于行业领先水平，业务进度符合预期。对于是否会继续向896G或更高速率产品推进，立讯精密给出了务实判断：从物理极限来看，896G铜连接仍存在较大挑战，目前行业尚未找到明确的突破方案；行业专家判断，448G铜连接可以满足至2030年前后的行业需求。　　关于市场热议的“光铜之争”，立讯精密在交流中明确主张“光铜并进”。　　“我们看到未来光连接的需求规模会远大于铜连接，但铜连接的技术门槛同样很高。”公司认为，二者并非简单替代关系，而是长期共存：短距离场景适用铜连接，长距离及更高速率场景对光连接需求更大；当铜连接接近信号传输极限时，需要通过光连接解决问题。在立讯精密看来，这一判断与头部客户大量布局光芯片、光纤厂商并不矛盾。　　在汽车业务方面，公司划出了一条清晰边界：不考虑整车组装业务。当前经营重点是为中国车企出海提供Tier 1（一级供应商）全球制造配套服务，同时为海外汽车品牌提供全球配套资源。　　商业航天方面，上市公司介绍其目前已供应部分部件但规模不大。（文章来源：每日经济新闻）,http://finance.eastmoney.com/a/202605253748474974.html
东方财富-财联社,2026-05-25 23:07:13,锐翔智能：下游客户包括东山精密、鹏鼎控股、景旺电子、立讯精密等,锐翔智能发布投资者关系活动记录表，公司下游客户主要为行业内头部企业，包括东山精密、鹏鼎控股、景旺电子、立讯精密、Mektec集团、住友电工、华通电脑、安捷利等。在长期合作过程中，公司与主要客户形成了较强的业务粘性，客户复购率保持在较高水平，合作关系具备较强的持续性与稳定性。公司子公司珠海奇川精密设备有限公司开发的嵌铜机也属于PCB硬板精密生产设备，该设备除应用于PCB散热铜块嵌埋外，目前公司也在配合客户进行在PCB板上嵌埋芯片的应用开发，由于该工艺的技术难度大，相关新应用能否最终落地并形成销售尚存在较大不确定性，敬请投资者注意投资风险。 （文章来源：财联社）,http://finance.eastmoney.com/a/202605253748539823.html
东方财富-人民财讯,2026-05-21 14:55:44,立讯精密等成立新材料公司,企查查APP显示，近日，南京讯瑞新材料有限公司成立，法定代表人为李帅君，注册资本为1000万元，经营范围包含新材料技术研发；新型金属功能材料销售；民用航空材料销售；电子专用材料制造；电子专用材料销售等。企查查股权穿透显示，该公司由立讯精密旗下立讯热传科技（惠州）有限公司等共同持股。（文章来源：人民财讯）,http://finance.eastmoney.com/a/202605213745106246.html
东方财富-东方财富Choice数据,2026-05-22 16:35:14,大宗交易：立讯精密成交2534.00万元（5-22）,2026年5月22日，立讯精密发生1笔大宗交易，共成交35.00万股，成交金额2534.00万元。该笔大宗交易成交均价72.40元，较该股当日收盘价72.40元持平。其中，机构席位买入35.00万股，成交额2534.00万元。免责声明：本文基于AI生产，仅供参考，不构成任何投资建议，据此操作风险自担。东方财富发布此内容旨在传播更多信息，与本平台立场无关。东方财富力求但不保证数据的完全准确，如有错漏请以中国证监会指定上市公司信息披露媒体为准，东方财富不对因该资料全部或部分内容而引致的盈亏承担任何责任。用户个人对服务的使用承担风险，东方财富对此不作任何类型的担保。,http://stock.eastmoney.com/a/202605223746739996.html
东方财富-证券日报,2026-05-22 16:14:00,立讯精密：截至5月20日公司股东户数为414971户,5月22日，立讯精密在互动平台回答投资者提问时表示，截至5月20日公司股东户数为414971户。（文章来源：证券日报）,http://finance.eastmoney.com/a/202605223746757176.html
东方财富-证券时报网,2026-05-22 17:13:00,立讯精密大宗交易成交2534.00万元，买卖双方均为机构专用席位,立讯精密5月22日大宗交易平台出现一笔成交，成交量35.00万股，成交金额2534.00万元，大宗交易成交价为72.40元。该笔交易的买卖双方均为机构专用席位。　　进一步统计，近3个月内该股累计发生14笔大宗交易，合计成交金额为16.54亿元。　　证券时报·数据宝统计显示，立讯精密今日收盘价为72.40元，上涨6.67%，日换手率为2.57%，成交额为133.02亿元，全天主力资金净流入10.31亿元，近5日该股累计下跌2.16%，近5日资金合计净流出42.95亿元。　　两融数据显示，该股最新融资余额为74.42亿元，近5日减少12.73亿元，降幅为14.60%。（数据宝）　　5月22日立讯精密大宗交易一览 成交量（万股）成交金额（万元）成交价格（元）相对当日收盘折溢价（%） 买方营业部卖方营业部35.002534.0072.400.00机构专用机构专用　　注：本文系新闻报道，不构成投资建议，股市有风险，投资需谨慎。 （文章来源：证券时报网）,http://finance.eastmoney.com/a/202605223746800890.html
东方财富-证券日报,2026-05-22 16:14:00,立讯精密：目前公司生产经营活动一切正常，无应披露而未披露的信息,5月22日，立讯精密在互动平台回答投资者提问时表示，目前公司生产经营活动一切正常，无应披露而未披露的信息。（文章来源：证券日报）,http://finance.eastmoney.com/a/202605223746754718.html
东方财富-中国证券报·中证金牛座,2026-05-22 22:49:02,现场直击立讯精密股东会，王来春谈AI：三五年内市场需求将强劲增长,5月22日，立讯精密2025年年度股东会在东莞召开。多位股东现场参会，立讯精密董事长王来春因在外地，在线主持会议，并与股东进行交流。谈及AI景气度时，王来春认为，三五年内，市场需求将强劲增长。　　对于立讯精密未来是否进行汽车代工，王来春表示，公司不考虑整车组装业务，重心在汽车的Tier1（车厂一级供应商）。 　　立讯精密东莞清溪镇厂区本报记者张兴旺/摄 谈AI：三五年内市场需求将强劲增长　　针对股东提问怎么看待未来三年AI的景气度，王来春表示，过去八九个月，在仔细了解观察所接触的客户后，她认为，三五年内，市场需求将强劲增长。作为制造企业，公司受益于AI发展。她深刻感受到，AI渗透到To B企业还有相当长的时间。　　立讯精密在手订单是否包括AI眼镜？王来春表示，在AI眼镜上，公司现在紧跟行业发展步伐，保持技术领先优势。但由于它现在还不是工作和生活的刚需，公司还没投入太多资源去开拓。　　豆包手机等AI手机未来需求如何？王来春称，公司作为硬件厂商，不需过多关注。立讯精密只需关注将来可能颠覆市场的客户群在哪里，只需要紧密与他们做好商业配合。　　针对存储涨价对公司影响的提问，王来春表示，公司没有单独因为存储的成本而受到来自客户传导的成本压力。过去立讯精密没有做太多中低端产品，现在公司将ODM（原始设计制造）的研发资源转到AI PC以及AI端侧开发赛道。“我们把ODM人才转到PC等产品上来时，明显加快了公司的一些业务进度。”王来春说。 谈机器人业务：重视核心零组件同步开发　　对于公司在人形机器人业务上的布局和优势，王来春表示，从机器人业务来看，其所用的标准零组件，包括皮肤、手套、脖颈、减速器等，公司常熟工厂都能打造。公司非常重视核心零组件的同步开发。　　王来春还表示，在机器人赛道，公司会一边关注一边学习，谨慎地去投入。　　4月9日，众擎机器人发布消息称，近日，公司完成总额2亿美元的B轮融资。立讯精密战略入局、联合领投。 谈汽车代工：完全不考虑　　针对智能汽车代工的提问，王来春称，公司对整车组装的判断清晰后，完全不会考虑这个业务。公司的重心在汽车的Tier1（车厂一级供应商）上。　　据立讯精密2025年年报披露，在汽车业务的内生产品线布局方面，公司的汽车整车线束、高低压及高速连接器、智能座舱与智能辅助驾驶（ADAS）等核心产品已在多品牌客户端实现全面导入；与此同时，公司坚持底层技术正向研发，除自主开发的高速/低压连接器已确立领先优势外，正加速孵化并推进智能底盘域控制器、后轮转向控制单元等前沿智驾底盘核心部件的量产应用，持续完善汽车核心零部件全矩阵布局。外延发展方面，2025年公司完成对德国百年汽车零部件巨头莱尼集团（Leoni）的交割与全面整合。　　2025年，立讯精密汽车电子业务收入为392.55亿元，同比增长185.34%，占公司营收的比例由上年的5.12%提升至2025年的11.81%。（文章来源：中国证券报·中证金牛座）,http://finance.eastmoney.com/a/202605223747074049.html
东方财富-上海证券报·中国证券网,2026-05-22 15:13:09,立讯精密：正推进448G铜互连产品矩阵的仿真设计与测试验证,立讯精密22日在互动平台上回答投资者提问时介绍，目前，公司正推进448G铜互连产品矩阵的仿真设计与测试验证，相关方案涵盖448G KOOLIO CPC及配套自研Optamax高速裸线、1.6TAEC/ACC等方向。（文章来源：上海证券报·中国证券网）,http://finance.eastmoney.com/a/202605223746666056.html
东方财富-深圳商报·读创,2026-05-25 14:01:28,股东会上一一答疑！立讯精密坚持光铜并行否定单一替代趋势：公司暂不具备自研硅光芯片实力，明确不考虑PCB生产与整车组装业务,深圳商报·读创客户端记者穆砚　　5月25日早间，立讯精密工业股份有限公司（以下简称“立讯精密”或“公司”）发布公告称，公司于5月22日召开了2025年度股东会。在股东会上，公司与投资者围绕市场高度关注的AI算力赛道展开深度探讨。公司明确光连接与铜连接长期共存的技术路线，剖析液冷、电源、光模块等业务布局节奏，坦诚目前尚不具备高阶硅光芯片自研实力。同时公司清晰划定业务边界，明确放弃PCB生产与整车组装业务，聚焦汽车零部件配套、人形机器人、低轨卫星等领域有序拓展。针对AI终端产品、客户合作依存度、上游原材料涨价、通信业务毛利偏低等现实问题逐一答疑，并表态包容创新试错，依据行业成熟度把控各赛道资金投入力度，全面展现公司现阶段经营现状与中长期战略布局思路。　　在股东会上，立讯精密与参会股东交流了公司经营情况与未来展望。2025年，立讯精密共实现营业收入3323.44亿元，同比增长23.64%，实现归母净利润166亿元，同比增长24.2%，基本每股收益2.29元，公司拟每10股派发现金红利1.4元（含税）。公司一季度营业收入为838.88亿元，同比增长35.77%；归母净利润为36.60亿元，同比增长20.24%；扣非归母净利润为27.76亿元，同比增长15.22%；基本每股收益0.50元。　　公司在AI算力领域已布局光连接、铜连接、液冷、电源业务，投资者询问，公司对技术路线选择的逻辑和未来发展规划？立讯精密答复，公司自2013年起即推动传统线缆连接器业务向通信产业拓展；2020年初开始布局AI算力赛道；自2024年以来，公司积极开拓海外CSP市场，并向客户推介通信产业的成熟产品。过去两年，公司在技术端和商务端均取得较好成果，相关能力得到客户认可。　　对公司而言，液冷业务当前以打好能力基础为主；在电源业务方面，公司仅介入低压DC-DC领域。综合考虑宏观环境和公司自身基础，这两部分业务仍需要更多沉淀，待基础更加成熟后再发力。　　关于光连接和铜连接，公司认为，信号连接的核心原则是越简单越好，成本更低、能耗更低的方案会优先被采用。随着信号传输速率不断提升，光连接可覆盖更远距离、更高速率的传输需求，铜连接的覆盖范围会相应收窄，这是正常趋势。但铜连接需要方案提供商对信号源、线缆、连接器和系统架构进行全方位设计，对系统架构理解和整合能力的要求更高，因此未来铜连接领域头部供应商的集中度预计会更高，仅少数厂商具备竞争力。　　投资者关心，立讯精密主张光铜并进，但头部客户英伟达大量布局光芯片、光纤厂商，是否存在矛盾，如何看待光铜路线的发展？立讯精密表示，在公司当前服务的产品中，公司看到未来光连接的需求规模会远大于铜连接，但铜连接的技术门槛同样很高。两者并非简单替代关系，而是会长期共存：短距离场景适用铜连接，长距离及更高速率场景对光连接的需求更大；当铜连接接近信号传输极限时，需要通过光连接解决问题。因此，光铜并进与头部客户布局光芯片、光纤厂商并不矛盾。　　立讯精密透露，PCB目前不在公司短期发展计划内。　　立讯精密认为，全球AI算力需求在未来3至5年内仍将保持强劲增长，但能源短缺会带来一定挑战。公司从通信赛道切入AI算力赛道，是因为看到这部分业务未来3-5年都会有较好的成长空间，其发展机遇可类比公司2017年在消费电子领域所面临的机遇。　　投资者关心，公司800G光模块已有多少家CSP客户完成验证并量产？公司1.6T光模块是否具备自研硅光芯片的能力？公司CPC铜连接目前处于什么进展？立讯精密回答，公司一贯坚持与赛道内优秀的供应链伙伴和客户伙伴紧密合作。作为光模块领域的新进入者，公司面对的是多家历史悠久、能力成熟的同业企业，短期仍面临诸多挑战；商务层面和营收规模的拓展仍需要时间。公司目前暂不具备自研1.6T硅光芯片的能力。在448G CPC铜连接技术领域，公司已处于行业领先水平，业务进度符合预期。　　公司在CPC领域448G已做到领先，投资者关心是否会继续研发896G或更高速率产品？448G是否已经达到物理瓶颈？立讯精密称，从物理极限来看，896G铜连接仍存在较大挑战，目前行业尚未找到明确的突破方案。行业专家判断，448G铜连接可以满足至2030年前后的需求。　　关于AI眼镜和AI手机，立讯精密表示，目前，端侧AI产品尚未形成达到百万级、千万级出货规模的消费者刚需产品。AI眼镜仅在部分细分场景，如提词器、翻译工具、投屏显示等方面具备应用价值，尚未成为工作和生活的刚需。公司会紧跟行业发展步伐，保持技术领先。对于AI手机，公司认为，其核心壁垒不在于硬件实现，而在于生态建设以及对各地区政策法规环境的适配。作为硬件制造厂商，公司需要识别未来有能力创造颠覆性产品的客户，并与其保持紧密合作。　　谈及公司未来对于主要客户与供应商依赖度的指引如何，立讯精密称，公司的能力、团队的敬业精神和专业基础，都来自核心大客户的长期培养。正是基于大客户核心供应商的背景，公司才能顺利拓展其他消费电子客户，以及汽车、通信、AI算力等跨领域业务。公司认为，依托核心大客户发展是时代赋予公司的机遇，并非错误选择。公司在集中资源服务核心大客户的同时，也一直在培养自身的横向拓展能力。过去三年，公司在其他领域已经取得明显发展，即便今年一季度市场面临多重挑战，公司整体依然保持了足够强的韧性。　　关于存储芯片涨价是否给公司带来经营的压力，立讯精密表示，ODM/JDM厂商通常不直接承担存储、显示屏、电池、CPU等核心零部件价格波动带来的成本风险，因此，存储芯片涨价本身并未给公司带来额外成本压力。　　立讯精密还透露，公司不考虑整车组装业务。公司汽车板块当前的经营重点，是为中国车企出海提供Tier 1全球制造配套服务，同时为海外汽车品牌提供全球配套资源。目前，立讯精密是中国Tier 1供应商中全球服务布局较为完整的企业之一；同时，公司在Leoni方面的布局也已被验证为正确，并已取得较好成果，公司相信京西的布局也会像Leoni一样，发挥其价值。　　立讯精密向投资者介绍了公司在低轨通信卫星与人形机器人领域方面的情况。在人形机器人领域，当前行业最需要的是机器人专用标准零部件。立讯常熟工厂已具备相关能力，可以配合核心客户同步开发这类专用零部件，不必完全沿用工业或汽车领域的现有零部件。作为大规模制造企业，公司拥有丰富的应用场景，可与行业共同成长；但在行业尚不成熟时，公司不会进行大规模投入。目前，全球机器人行业缺乏统一法规与行业标准。未来具备较大市场需求的机器人，预计会首先出现在安全风险较低、容错空间相对较大的室内商业场景，并逐步培育市场。此外，对立讯内部而言，公司可将机器人相关功能拆解后应用到自身智能制造环节，减少无功工站和无功工时的投入。　　商业航天业务方面，立讯目前已供应部分部件，但规模不大；海外客户普遍对地缘政治因素较为敏感，产业规模化仍需要一定时间。　　谈及通信数据通信业务营收增长30%但毛利率仅提升2%，立讯精密表示，通信与数据中心新孵化的业务前置投入较大，超过了这些业务当前能带来的贡献。此类为布局未来市场而进行的提前投入，短期内拉低了整体毛利率。若剔除提前投入因素，公司盈利能力表现良好，整体利润率不逊于同行。　　谈及如何看待创新试错中的失败，如何维持团队士气，立讯精密称，不能仅用商业化结果来定义失败。立讯的企业文化中包含容错机制：只要决策是共同做出的，团队也已竭尽全力，即便商业化结果不佳，过程中沉淀下来的技术与经验，对公司未来发展也都是有价值的。没有容错空间，就很难产生创新成果。因此，公司不会因担心犯错而停止或回避创新投入。（文章来源：深圳商报·读创）,http://finance.eastmoney.com/a/202605253748080570.html
东方财富-证券日报,2026-05-22 16:10:00,立讯精密：公司业务具有全球化特点，境外销售占比较高,5月22日，立讯精密在互动平台回答投资者提问时表示，公司业务具有全球化特点，境外销售占比较高，因此公司经营结果会受到汇率波动、结算币种、采购币种及资产负债币种结构等因素的综合影响。对此，公司高度关注外汇市场波动对经营和财务报表可能产生的影响，并基于正常生产经营需求，持续完善外汇风险管理机制。公司通过远期、期权等外汇衍生品工具开展套期保值，主要目的在于锁定成本、规避和防范汇率及利率波动风险，相关交易以公司实际经营和外币收支为基础，遵循合法、审慎、安全、有效原则。（文章来源：证券日报）,http://finance.eastmoney.com/a/202605223746745645.html
东方财富-21世纪经济报道,2026-05-22 14:47:00,权重股中际旭创、新易盛、立讯精密大涨，机构称沪深300指数距离历史高点5500点尚有距离,5月22日（周五），沪深300ETF华夏（510330）午后上扬，权重股中际旭创涨超4%，新易盛涨超7%，立讯精密涨超6%。截至目前，中际旭创已经升至沪深300ETF华夏（510330）第一权重股，占比约4%。　　方正证券最新指出，过往三轮级别较大的牛市（2005-2007、2014-2015、2019-2021），沪深300高点均达到5500点附近。本轮市场正朝着第四个重要高点前进，沪深300从2024年低点至今上涨幅度超过50%，如果沪深300达到5500点，则涨幅空间还有13%左右。　　沪深300是A股市场核心指数，代表性强。截至2026年3月31日，沪深300指数以占A股5%的上市公司数量、50%的总市值，贡献了A股79%的净利润和82%的分红。　　目前跟踪沪深300指数的众多ETF中，沪深300ETF华夏（510330）费率为0.20%/年（其中，年管理费0.15%、年托管费0.05%，计入净值，不单独收取），位于全市场最低一档。（文章来源：21世纪经济报道）,http://stock.eastmoney.com/a/202605223746650350.html
东方财富-每日经济新闻,2026-05-22 21:12:07,立讯精密：“轩辕平台”是公司自研的互联界面家族，目前支持448G传输，未来可演进至896G,每经AI快讯，有投资者在投资者互动平台提问：董秘您好： 轩辕平台主要用于什么场景、解决什么问题？ 它的核心技术壁垒是什么？　　立讯精密（002475.SZ）5月22日在投资者互动平台表示，您好，“轩辕平台”是立讯精密自研的互联界面家族，目前支持448G传输，未来可演进至896G。这些界面自主研发并构建了生态系统，许多产品已成为行业标准。明星产品448GCPC在OCP大会上成功演示，基于PAM4技术实现1.5米铜传输，运行于106GHz甚至110GHz，引领行业重新定义产品架构。另一明星产品Cable Cartridge，凭借十余年积累，解决了系统端瓶颈与挑战。谢谢！（文章来源：每日经济新闻）,http://finance.eastmoney.com/a/202605223747017350.html
东方财富-证券时报网,2026-05-20 17:27:00,立讯精密5月20日大宗交易成交498.20万元,立讯精密5月20日大宗交易平台出现一笔成交，成交量7.11万股，成交金额498.20万元，大宗交易成交价为70.07元。该笔交易的买卖双方均为机构专用席位。　　进一步统计，近3个月内该股累计发生13笔大宗交易，合计成交金额为16.29亿元。　　证券时报·数据宝统计显示，立讯精密今日收盘价为70.07元，下跌3.22%，日换手率为2.51%，成交额为128.61亿元，全天主力资金净流出17.31亿元，近5日该股累计下跌12.58%，近5日资金合计净流出66.06亿元。　　两融数据显示，该股最新融资余额为88.12亿元，近5日增加9.04亿元，增幅为11.44%。（数据宝）　　5月20日立讯精密大宗交易一览 成交量（万股）成交金额（万元）成交价格（元）相对当日收盘折溢价（%） 买方营业部卖方营业部7.11498.2070.070.00机构专用机构专用　　注：本文系新闻报道，不构成投资建议，股市有风险，投资需谨慎。 （文章来源：证券时报网）,http://finance.eastmoney.com/a/202605203743578546.html
东方财富-时代周报,2026-05-21 16:21:19,外资抢筹中国硬科技！一季度QFII持仓超2200亿，爆买天孚通信、中际旭创、立讯精密,当前，中国资产正在受到海外资金的密切关注。据Wind数据，截至今年一季度末，QFII的持仓总市值超过2200亿元，较2025年末增长近20%。　　5月20日，摩根大通中国股票策略师张晓宁向时代周报记者表示，从配置比例来看，过去两年海外投资者、尤其是区域型基金已经大幅削减了对中国的低配。在宏观经济韧性凸显与流动性“内外双强”的推动下，外资正加速回流中国股市，年初至今海外资金净流入规模已远超过去三四年，且配置偏好正从传统互联网消费龙头向先进制造、人工智能等高质量成长方向扩散。　　“综合国内的资金流情况跟海外的资金流情况来说，我们认为，中国股票市场的流动性是比较充裕的，这样充裕的流动性也为市场上行提供了坚实的支持。”张晓宁称。　　外资低配大幅收窄，资金流入显著提速　　据Wind统计数据，截至今年一季度末，QFII共现身1522家A股上市公司前十大流通股股东名单中，合计持股数量达到138.58亿股，较2025年末增加29.48亿股，增幅27.02%；持股总市值达到2212.01亿元，较2025年末增长19.79%。　　分机构看，摩根大通证券有限公司、高盛、瑞士联合银行集团成为一季度新进个股数量排名前三的外资机构，截至一季度末，三家机构分别持有证券数量364只、525只、526只，较2025年末分别增加173只、169只、137只，持股总市值分别为88.52亿元、139.39亿元、259.77亿元。　　“从配置比例来看，过去两年海外投资者、尤其是区域型基金已经大幅削减了对中国的低配。”张晓宁表示。数据显示，亚洲（除日本外）主动基金对中国的低配已从2024年2月底的-8.3%缩窄至最新的-1%；新兴市场主动基金的低配从2024年1月的约-4.5%降至-2%；全球型基金则在今年前两个月出现明显回升，低配幅度从-2%收窄至-1.7%左右。考虑到全球型基金的管理规模约为区域型基金的五倍，其带来的资金增量十分可观。　　张晓宁援引全球资金流向监测机构（EPFR）的数据称，截至5月15日，海外上市公募基金年内已录得131亿美元的净流入，显著高于往年同期水平。她强调，这一趋势背后既有全球流动性环境的助力，更是中国自身宏观韧性受到认可的体现。　　张晓宁进一步分析，外资加大对中国净流入背后有两方面因素：一是年初以来美元整体偏弱，带动包括中国在内的新兴市场收获较强的资金净流入；二是自2月底中东局势趋于不稳定后，中国宏观韧性的优势进一步凸显，成为吸引资金持续流入的重要基本面支撑。　　相对于A股市场，年初以来，港股市场表现相对较弱。截至5月21日发稿前，恒生指数今年以来跌幅为0.91%，恒生科技指数今年以来跌幅则达到13.51%。　　张晓宁表示，对于MSCI中国整体持乐观态度，短期有一定的海外流动性压制因素，此外一季度业绩还在等待拐点，但同时也在一季报中看到了比较乐观的指标，如一些高权重的个股已经在减亏或增收方面出现了一些成效。“中国的互联网大厂现在对AI的投资，体现在业绩中有明显的加速，这将有助于这些企业的估值扩张。”　　外资偏好转向：从互联网巨头迈向先进制造　　从一季度QFII新增持股上看，硬科技成为海外资金关注的重点。　　据Wind数据，截至一季度末，QFII新增持股市值在10亿元以上的公司共有12家，其中，天孚通信、中际旭创、立讯精密、中天科技等个股持仓市值排名靠前。　　具体来看，截至一季度末，光模块龙头中的天孚通信前十大流通股股东中出现摩根士丹利国际股份有限公司、瑞士联合银行集团，分别持有810.34万股、419.35万股，与此同时，摩根士丹利国际股份有限公司还持有中际旭创649.49万股，是其第十大流通股股东。　　此外，全球精密制造龙头立讯精密，一季度阿布达比投资局新进该公司第六大流通股股东，持股数量3578.32万股。　　“一个值得关注的趋势是，海外投资人正从以往更偏向大消费类互联网巨头的思路，逐步转向以先进制造为主的方向，包括部分A股标的。”张晓宁称。　　在流动性充裕、业绩稳定向好的背景下，张晓宁建议投资者采取聚焦高质量成长、精选个股的策略，重点关注人工智能生态、能源安全和机器人等方向。　　具体来看，根据IDC（国际数据公司）预测，全球AI产业2024年至2029年的复合增速有望超过30%，基于此，AI全生态链条都有希望受益。“细分赛道可能会有轮动，但AI全生态链条是我们核心看好的成长主线。”张晓宁表示。　　其次，能源安全赛道包括新能源汽车、电力设备、储能、新能源，以及上游相关的材料等多个方向。一方面，从内需角度看，中国新能源在能源结构中的占比已超过10%，中期政策目标指向30%，远期指向50%，行业中长期成长空间充足。从外需看，中东地缘政治冲突带来的高油价环境将加速中国新能源车等品类的海外渗透，形成内外需共振。　　另外是机器人板块，机器人板块可以细分为人形机器人和工业机器人两条主线。人形机器人今年有望受益于部分新锐公司上市计划带来的阶段性催化，工业机器人则有望受益于中国经济整体资本支出的上行。（文章来源：时代周报）,http://finance.eastmoney.com/a/202605213745221721.html
东方财富-证券时报网,2026-05-18 17:54:00,立讯精密大宗交易成交2187.00万元,立讯精密5月18日大宗交易平台出现一笔成交，成交量30.00万股，成交金额2187.00万元，大宗交易成交价为72.90元。该笔交易的买卖双方均为机构专用席位。　　进一步统计，近3个月内该股累计发生12笔大宗交易，合计成交金额为16.24亿元。　　证券时报·数据宝统计显示，立讯精密今日收盘价为72.90元，下跌1.49%，日换手率为2.81%，成交额为149.53亿元，全天主力资金净流出16.91亿元，近5日该股累计下跌4.15%，近5日资金合计净流出36.09亿元。　　两融数据显示，该股最新融资余额为87.63亿元，近5日增加2715.33万元，增幅为0.31%。　　机构评级来看，近5日共有1家机构给予该股评级，预计目标价最高的是招商证券，5月12日招商证券发布的研报预计公司目标价为90.00元。（数据宝）　　5月18日立讯精密大宗交易一览　　成交量（万股）成交金额（万元）成交价格（元）相对当日收盘折溢价（%） 买方营业部卖方营业部30.002187.0072.900.00机构专用机构专用（文章来源：证券时报网）,http://finance.eastmoney.com/a/202605183740612634.html
东方财富-时代财经,2026-05-18 19:08:00,近40万亿险资最新布局曝光！一季度狂买42亿股，重仓银行股，中国广核、立讯精密获加仓,随着2026年一季度保险业资金运用数据出炉，以及A股上市公司一季报相继收官，手握近40万亿元“长钱”的保险机构，其最新资产配置路线与权益市场布局路径亦浮出水面。　　根据日前国家金融监督管理总局披露的数据，截至2026年一季度末，保险公司资金运用余额达39.44万亿元，规模稳步扩容的同时，大类资产配置结构持续优化，权益类资产配置意愿明显提升。　　Wind数据显示，今年一季度险资逆势加仓A股，合计重仓641只个股，持股数量环比增加超42亿股，期末重仓股合计持仓市值近1.6万亿元。配置上，险资延续“哑铃型”配置思路，银行股成为核心加仓赛道，持仓市值占比突出，头部险企加仓动作明显，譬如中国人寿增持中国银行（601988.SH）4.67亿股；同时，险资主动优化结构，重点布局公用事业、科技等领域，中国广核（003816.SZ）、立讯精密（002475.SZ）等相关标的获加仓。　　对外经济贸易大学创新与风险管理研究中心副主任龙格向时代财经表示，银行等行业盈利稳定、分红率高，其股息收入可直接增厚当期利润。在新会计准则下，股价波动不影响当期损益，是理想的“压舱石”资产。　　险资加大权益资产投资，一季度加仓42亿股　　作为我国资本市场体量大、周期长的机构投资者，保险资金的资产配置动向，一定程度上折射出机构对宏观经济、权益市场的长期价值判断。　　在居民存款搬家、保费收入稳步增长的背景下，保险资金运用总规模再上新台阶。截至2026年一季度末，保险公司资金运用余额为39.44万亿元，环比增长2.49%，为资本市场提供了稳定的长期资金支撑。　　从大类资产配置结构来看，固收类资产依旧是险资配置的“基本盘”。细分主体来看，保险公司银行存款和债券配置占比维持高位，同时权益类资产配置占比实现稳步抬升。数据显示，截至一季度末，人身险公司债券和银行存款余额占比达58.69%，股票和证券投资基金余额达5.47万亿元，占比达15.39%，环比微升0.13个百分点；财产险公司债券和银行存款余额占比达57.28%，股票和证券投资基金余额达1.42万亿元，占比达17.54%，环比微升0.4个百分点，权益资产配置意愿全面增强。　　A股市场股票持仓方面，Wind 数据显示，截至2026年一季度末，保险资金现身641家A股上市公司前十大流通股东；整体持股数量达1059.56亿股，环比加仓42.43亿股，期末重仓股市值合计达1.59万亿元，实现连续五个季度逆势加仓A股。　　瑞银证券中国股票策略分析师孟磊向时代财经指出，按照中长线资金入市办法的鼓励，30%的新增保费投资A股市场，这是保险公司对于A股持仓一直往上走的原因，未来A股仍将迎来险资的持续资金流入。　　某券商非银金融分析师向时代财经表示，长端利率中枢持续下行背景下，传统债券、存款类资产收益率承压，资产荒格局延续，倒逼险资提升权益资产配置比例，通过优质权益标的增厚长期收益，匹配保险产品长期负债成本。与此同时，监管层面持续优化险资投资政策，放宽权益投资限制、引导长期资金入市，为险资增配A股提供了制度保障。“当前险资权益类资产占比仍有上行空间，未来将持续稳步布局权益市场，发挥长期资本的压舱石作用。”该分析师指出。　　银行股成主要加仓方向，科技赛道获青睐　　从持仓结构来看，险资延续哑铃型配置思路，银行股依旧作为险资的核心“压舱石”，公用事业、高端制造与科技、消费龙头成为重点布局方向，持仓结构更趋均衡多元。　　银行业依旧是保险资金核心重仓领域，剔除掉中国人寿集团持股中国人寿（601628.SH）以外，险资对银行股的持仓市值占比近54%，持仓市值前十个股中银行股独占8席，平安银行（000001.SZ）、农业银行（601288.SH）、民生银行（600016.SH）、浦发银行（600000.SH）、华夏银行（600015.SH）、邮储银行（601658.SH）、工商银行（601398.SH）、招商银行（600036.SH）等持续稳居险资重仓核心标的。　　今年一季度，险资集中加码优质银行标的，中国银行、工商银行、兴业银行（601166.SH）、中信银行（601998.SH）、上海银行（601229.SH）等位列增持前列。头部险企加仓幅度更为明显。其中，中国人寿增持中国银行4.67亿股，并新进成为杭州银行（600926.SH）、上海银行、江苏银行（600919.SH）前十大流通股东；新华保险（601339.SH）、太平资产也集中加仓中国银行，期末分别持有1.67亿股、1.39亿股，瑞众人寿加仓兴业银行，期末持股数量达5.69亿股。　　在坚守银行股的同时，险资主动优化持仓结构，跳出单一金融板块依赖，深度布局公用事业、交通运输等领域。　　其中，中国广核、国投电力（600886.SH）、浙能电力（600023.SH）等电力龙头备受青睐，平安人寿一季度新进中国广核前十大流通股东，期末持股达4.26亿股，同时大幅增持国投电力、浙能电力等。交通运输领域，上海机场（600009.SH）、大秦铁路（601006.SH）、山东高速（600350.SH）等获险资持续增持；周期资源板块中，中国神华（601088.SH）、华菱钢铁（000932.SZ）、包钢股份（600010.SH）等标的，成为险资分散配置的重要选择。　　高端制造与科技赛道也迎来险资持续布局，新质生产力方向成为核心发力点。硬件设备、精密制造、半导体材料等细分领域获险资重点加仓，中国人寿新进立讯精密、鹏鼎控股（002938.SZ），平安人寿、平安养老分别新进洁美科技（002859.SZ）、江海股份（002484.SZ）等，中国人保则增持华测导航（300627.SZ）等。　　龙格向时代财经指出，投资高端制造业，既是险资把握“制造强国”与“新质生产力”的国家战略方向，也是优化长期资产结构、寻求收益弹性的关键举措。　　消费板块也获得险资的增持，和谐健康新进伊利股份（600887.SH），期末持股数量达5189万股，五粮液（000858.SZ）、双汇发展（000895.SZ）、新乳业（002946.SZ）、千禾味业（603027.SH）等也迎来险资配置增量。　　与之形成对比的是，建筑、电力设备、房地产等前期热门赛道遭险资减持，中国电建（601669.SH）、金风科技（002202.SZ）、大悦城（000031.SZ）等个股获险资等减持数量居前列。　　“展望后市，险资权益投资将继续稳步增加。策略上坚持‘哑铃型’配置：一端是高股息资产作为稳定器，另一端是科技、高端制造等成长资产以增强收益弹性。”龙格向时代财经表示。（文章来源：时代财经）,http://finance.eastmoney.com/a/202605183740653412.html
东方财富-蓝鲸新闻,2026-05-14 11:20:44,vivo Pocket 云台相机由立讯精密代工,记者从知情人士处独家获悉，vivo手持云台相机由立讯精密代工。　　注：近日，市场消息显示，vivo Pocket手持云台相机或于今年第四季度发布，上市窗口期预计落在11—12月，目前vivo对该产品的备货预期约百万台。（文章来源：蓝鲸新闻）,http://finance.eastmoney.com/a/202605143737171591.html
东方财富-中国经营网,2026-05-16 03:24:58,立讯精密拟控股京西国际 欲扩充汽车业务布局,5月11日，停牌逾一个月的京西国际（02339.HK）复牌，开盘即暴涨83%至8.2港元/股，随后股价在盘中回落，当日收报6.69港元/股，涨49.33%。5月12日股价强势延续，收盘报7.6港元/股，涨13.6%。　　5月11日，立讯精密（002475.SZ）A股开盘股价报75.5元/股，盘中一度触及78.42元/股的历史新高，当日收报76.06元/股，总市值达5542亿元。5月12日，立讯精密也继续上涨，收盘价为77.19 元/股，涨幅1.49%。　　这一资本市场反应背后，指向同一起事件：此前京西国际发布公告，消费电子龙头立讯精密计划通过收购京西智行集团股权，从而间接控股京西国际约59.5%的股份，成为最终控股股东。　　事实上，《中国经营报》记者留意到，京西国际停牌期间，市场就已传出立讯精密将收购京西智行来补全智能底盘业务的消息了。　　尽管京西国际发布的公告未披露股权协议的具体细节，但记者从接近立讯精密的相关人士处获悉，立讯精密的此番动作并不仅限于财务控股投资层面，其战略协调意义更为突出，是立讯精密整体业务布局与能力拼图中的重要一环。　　记者亦留意到，这次收购是立讯精密距2025年7月完成对德国百年汽车线束巨头莱尼集团的收购尚不足一年的再次出手。　　易主在即成色几何？　　5月10日晚，京西国际发布公告称，获控股股东京西智行集团告知，2026年3月31日，卖方（张家口慧投、张家口聚鑫、张家口睿投及张家口智投）、担保人、立讯精密与京西智行集团订立买卖协议。根据协议，立讯精密有条件同意收购京西智行集团的全部股权。京西智行集团目前持有京西智行（北京）汽车电子科技有限公司（以下简称“京西智行”）超过50%的已发行具表决权股份，后者通过其全资附属公司共持有768916419股京西国际股份，占已发行股份总数约59.50%。　　如果该潜在收购事项得以实现，立讯精密将间接持有京西国际已发行股份总数的59.50%，间接控股京西国际。　　据了解，京西国际的背景不俗，其控股母公司京西智行是国内智能底盘悬架与制动系统领域颇具实力的玩家，为宝马、通用、大众等全球主流车企提供智能底盘产品。　　公司前身可追溯到2009年。当时，京西重工收购了德尔福（Delphi）的底盘业务，由此掌握了磁流变悬架技术的核心专利与生产线。据公开信息，京西智行手握的MagneRide磁流变悬架系统堪称业内“黑科技”，支持每秒1000次主动调节，磁流变液反应时间达0.5毫秒。公司拥有中国专利数十项、全球专利140余项，是全球唯一量产上车的第四代磁流变技术拥有者。2025年，京西智行以国产化布局积极推动磁流变悬架技术平权，全年在中国市场累计斩获50亿元订单。　　然而，拿下技术并不等于拿下利润。从经营数据来看，京西国际仍面临业绩挑战，2025年实现营业收入29.68亿港元（折合人民币约25.76亿元），同比增长6.97%；归母净亏损4190.8万港元（折合人民币约亏损3638万元），较2024年亏损1.28亿港元大幅收窄67.25%。尽管亏损幅度大幅缩减，但仍未走出亏损区间。　　此外，毛利率方面，京西国际亦承压。2025年毛利率从2024年的16.5%下滑至11.4%，毛利从4.58亿港元降至3.38亿港元，同比减少26.3%。　　据年报披露，京西国际2025年亏损未能转正的原因在于其捷克厂房关闭产生的一次性巨额成本。2025年6月，京西国际宣布计划分阶段关闭位于捷克的厂房。此外，该厂房产能利用率偏低，导致毛利率大幅下滑。管理层预计捷克厂房关闭将于2026年第二季度末前完成，长远来看将提升公司产能利用率、降低制造成本，有望改善未来业绩。　　收购背后早埋伏笔　　值得注意的是，本次交易的披露权主要落在京西国际的港股公告上，而立讯精密在A股并未同步发出独立的收购公告。　　5月11日上午，记者以投资者身份致电立讯精密投资者关系部。相关工作人员回应：“公司一直严格按照监管规定进行披露，从这次并购按规模来看，没有达到深交所规则的披露标准，所以我们没有发布公告。”　　尽管在资本市场上低调处理，但立讯精密在产业层面的意图却十分明显。“这是一家历史比较悠久的汽车智能底盘公司，对我们来说是补齐短板。”立讯精密投资者关系部相关工作人员明确表示，此次收购并非单纯的财务投资，而是有长期的整合意图，尽管目标公司当前财务表现较弱，但后续公司也有清晰的整改计划。　　对立讯精密而言，收购京西国际也是其汽车电子战略的一部分。　　近年来，立讯精密在汽车领域频频落子。早在2011年立讯精密便成立汽车事业部，切入汽车线束、连接器等电子电器产品，又在2022年与奇瑞建立战略合作。2025年，立讯精密又耗资约41亿元人民币收购了线缆巨头莱尼。　　而从立讯精密自身整体业绩来看，其2025年也交出了一份亮眼成绩单。全年实现营业收入3323.44亿元，同比增长23.64%；归母净利润达166亿元，同比增长24.20%，营收与净利润增速均约24%。消费电子、汽车电子、通讯及数据中心是立讯精密的三大业务板块。分业务来看，2025年三大板块全部实现正增长。消费电子业务全年实现收入2642.66亿元，同比增长13.37%，占总营收比重79.52%，依然是最大基本盘。　　其中，汽车业务是立讯精密增速最快的板块，也已成为营收占比第二的板块。2025年全年营收达392.55亿元，同比增长185.34%，占总营收比重跃升至11.81%。管理层在业绩说明会直言：“莱尼整合非常顺利，业务成长也达预期。”　　记者留意到，立讯精密收购京西国际这一步棋的落子也并非毫无预兆。翻阅立讯精密2025年年度报告，在“汽车业务”板块中，一个此前并未集中亮相的产品线“智能底盘”赫然在列。立讯精密年报显示，公司布局的智能底盘产品涵盖半主动减震控制器、PPK（转向系统控制单元）、ARS（主动后轮转向系统）、EPS（电动助力转向系统）、EMB（线控制动系统）、VMC（底盘域控制器）、RWA＆SBW（线控转向）、全冗余REPS总成、滚珠丝杠总成、后轮转向总成等多个方向。　　立讯精密此前本来就有相关布局，为何又要再花重金布局汽车底盘业务呢？　　一位接近立讯精密的相关人士向记者表示：“智能底盘分为X、Y、Z三个轴，分别对应转向、悬架、制动。后面这两个虽然立讯精密也有布局，但发现技术门槛比较高，还需要一些能力沉淀。所以，立讯精密也在找外延机会，来快速补足能力拼图。”　　此外，“京西智行非常有亮点的一个产品就是‘磁流变悬架’。相比于现有的悬架方案，这个产品具有很多舒适性以及精准调节方面的优势。”该人士对此说道。可见，立讯精密亦看上了京西国际的悬架方案亮点。　　“智能底盘是目前智能电动车硬件中少有的仍具有较大发展潜力的系统。”汽车行业资深分析师朱自清亦对记者分析，本次收购有利于立讯精密在汽车智能底盘领域形成新的高竞争力产品序列，与此同时，汽车行业竞争加剧，缺乏竞争力的企业将不断出清，并购将成为常态。（文章来源：中国经营网）,http://finance.eastmoney.com/a/202605163739364345.html
东方财富-21世纪经济报道,2026-05-15 07:00:00,电连接领域龙头、立讯精密供应商今日上市丨打新早知道,5月15日，有两只新股上市，为深市主板的维通利（001393.SZ）与北交所的锐翔智能（920178.BJ）。　　维通利的主业是硬连接、柔性连接、触头组件、叠层母排和CCS（电池连接系统）等系列化电连接产品，以及同步分解器等产品的研发、生产和销售，其产品应用领域从电力电工、轨道交通等行业，拓展至新能源汽车、风光储（风电、光伏、储能）等新兴行业。　　硬连接和柔性连接所属行业集中度较低。根据中国电器工业协会出具的证明，2024年，维通利在硬连接和柔性连接的营业收入位居行业第一位，并在新能源汽车硬连接和柔性连接的营业收入位居行业第一位。　　客户资源方面，维通利重点服务电连接产品中高端客户。电力电工领域，产品供应西门子、施耐德、ABB、日立能源、GE等；新能源汽车领域，产品供应比亚迪、斯特兰蒂斯、零跑汽车、中创新航、欣旺达、蜂巢能源、孚能科技等；风光储领域，产品供应金风科技、台达电子、明阳智能、维谛技术、易事特、索英电气、海辰储能等；轨道交通领域，产品供应中国中车、西屋制动、阿尔斯通等。　　业绩方面，2023年、2024年、2025年，维通利营业收入分别为16.99亿元、23.90亿元、31.26亿元，净利润分别为1.87亿元、2.71亿元、3.01亿元。　　不过，维通利提醒，公司电连接产品系电回路中起到电力连接和电流传输作用的导电连接件，其质量的可靠性对导电回路的安全性、稳定性有着重要作用。若公司产品因原材料品质、生产工艺、质量检验、物流运输等因素出现质量问题，公司将面临产品召回或赔偿的风险，对公司经营业绩造成不利影响。　　此外，维通利还强调，若公司产品出现质量问题，将会对公司的行业地位和市场声誉造成一定负面影响，甚至导致核心客户流失，对公司的经营情况产生不利影响。　　锐翔智能是一家专业从事智能制造装备的研发设计、生产和销售的高新技术企业。公司深耕智能制造装备领域，选择FPC产业链的智能制造装备领域作为发展赛道，经过多年经营积累，公司在该领域形成了精密冲切、贴装组装、精密压合三大核心工艺生产装备产品系列，同时具备物流自动化、撕离、折弯、分拣、包装等相关配套工艺的智能制造装备的开发能力以及整线自动化方案解决能力。　　目前，锐翔智能的智能制造装备种类已基本覆盖FPC干制程的核心工艺，是行业内少有能提供FPC多个核心工艺智能制造装备以及整线自动化解决方案的供应商。公司产品覆盖精密冲切、贴装组装、精密压合等三大核心工艺以及物流自动化、撕离、折弯、分拣、包装等相关生产工艺，并可根据客户需求定制化开发工序关联的辅助设备。　　客户方面，锐翔智能凭借高品质的产品性能、稳定的交付能力以及快速响应的技术服务，赢得了广泛认可，已成为东山精密、Mektec集团、住友电工、华通电脑、景旺电子、立讯精密、安捷利、鹏鼎控股等知名企业的合格供应商。公司产品间接服务于苹果、华为等全球消费电子龙头，以及特斯拉、比亚迪、宁德时代等新能源汽车领域领军企业。　　值得注意的是，锐翔智能目前面临客户集中度较高的风险。2023年至2025年，公司对前五大客户的销售收入占当期主营业务收入的比例分别为92.62%、87.62%、87.92%和85.93%，占比较高。公司客户集中度较高主要系受下游领域集中度、智能制造装备固有属性、公司经营策略等因素影响。未来若上述客户以及公司其他主要客户由于产业政策、行业洗牌、突发事件等原因导致其采购需求减少或出现经营困难等情形，将会对公司生产经营和盈利能力带来不利影响。（文章来源：21世纪经济报道）,http://finance.eastmoney.com/a/202605153737896298.html
东方财富-证券时报网,2026-05-14 17:31:00,立讯精密发生3笔大宗交易 合计成交1.48亿元,立讯精密5月14日大宗交易平台共发生3笔成交，合计成交量196.47万股，成交金额1.48亿元。成交价格均为75.40元。从参与大宗交易营业部来看，机构专用席位共出现在3笔成交的买方或卖方营业部中，合计成交金额为1.48亿元，净卖出1.48亿元。　　进一步统计，近3个月内该股累计发生11笔大宗交易，合计成交金额为16.02亿元。　　证券时报·数据宝统计显示，立讯精密今日收盘价为75.40元，下跌5.93%，日换手率为3.05%，成交额为169.75亿元，全天主力资金净流出16.86亿元，近5日该股累计上涨8.46%，近5日资金合计净流入11.36亿元。　　两融数据显示，该股最新融资余额为84.47亿元，近5日增加8.81亿元，增幅为11.65%。　　机构评级来看，近5日共有2家机构给予该股评级，预计目标价最高的是招商证券，5月12日招商证券发布的研报预计公司目标价为90.00元。（数据宝）　　5月14日立讯精密大宗交易一览 成交量（万股）成交金额（万元）成交价格（元）相对当日收盘折溢价（%） 买方营业部卖方营业部95.397192.7575.400.00中国中金财富证券有限公司深圳分公司机构专用72.075434.1875.400.00华泰证券股份有限公司上海浦东新区滨江大道证券营业部机构专用29.012187.1175.400.00国信证券股份有限公司深圳后海分公司机构专用　　注：本文系新闻报道，不构成投资建议，股市有风险，投资需谨慎。 （文章来源：证券时报网）,http://finance.eastmoney.com/a/202605143737527115.html
东方财富-每日经济新闻,2026-05-14 19:23:23,立讯精密间接控股子公司2100万元项目环评获原则同意,“A股绿色报告”项目监控到的数据显示，立讯精密（SZ002475）间接控股子公司立讯电源（昆山）有限公司电源适配器生产项目环评审批获原则同意。该项目总投资额达2100万元。该审批信息于2026年4月23日被相关监管机构披露。　　每日经济新闻联合环保领域知名NGO公众环境研究中心（IPE），自2020年9月起，基于31个省份（自治区、直辖市）、337个地级市政府发布的环境质量、环境排放和污染源监管记录等权威数据来源，每周收集剖析中国数千家上市公司及其旗下数万家公司（包括分公司、参股公司和控股公司）的环境信息数据，发布“A股绿色周报”，旨在借助环境数据库及专业解析、传播能力，让资本市场的上市公司经营活动中的环境信息更加阳光透明。　　上期（总第243期）A股绿色周报显示，共有4家上市公司在近期暴露了环境风险。　　立讯精密主要从事连接器产品研发、生产和销售 （文章来源：每日经济新闻）,http://finance.eastmoney.com/a/202605143737608833.html
东方财富-界面新闻,2026-05-14 16:51:42,立讯精密今日大宗交易平价成交196.47万股，成交额1.48亿元,5月14日，立讯精密大宗交易成交196.47万股，成交额1.48亿元，占当日总成交额的0.87%，成交价75.4元，较市场收盘价75.4元持平。 （文章来源：界面新闻）,http://finance.eastmoney.com/a/202605143737484313.html
东方财富-证券时报网,2026-05-13 17:54:00,立讯精密现2笔大宗交易 合计成交397.00万股,立讯精密5月13日大宗交易平台共发生2笔成交，合计成交量397.00万股，成交金额3.00亿元。以折溢价进行统计，今日有1笔为折价交易，折价率最高达6.59%。从参与大宗交易营业部来看，机构专用席位共出现在2笔成交的买方或卖方营业部中，合计成交金额为3.00亿元，净买入2.60亿元。　　进一步统计，近3个月内该股累计发生8笔大宗交易，合计成交金额为14.54亿元。　　证券时报·数据宝统计显示，立讯精密今日收盘价为80.15元，上涨3.83%，日换手率为3.11%，成交额为180.22亿元，全天主力资金净流入8.38亿元，近5日该股累计上涨19.48%，近5日资金合计净流入36.76亿元。　　两融数据显示，该股最新融资余额为79.08亿元，近5日增加5.56亿元，增幅为7.57%。　　机构评级来看，近5日共有3家机构给予该股评级，预计目标价最高的是招商证券，5月12日招商证券发布的研报预计公司目标价为90.00元。（数据宝）　　5月13日立讯精密大宗交易一览成交量（万股）成交金额（万元）成交价格（元）相对当日收盘折溢价（%） 买方营业部卖方营业部347.0025979.7874.87-6.59机构专用华泰证券股份有限公司上海分公司50.004007.5080.150.00机构专用机构专用（文章来源：证券时报网）,http://finance.eastmoney.com/a/202605133736022519.html
东方财富-国际金融报,2026-05-12 19:05:41,果链巨头再落一子，立讯精密拟控股京西国际,“果链巨头”立讯精密在向汽车电子领域拓展的道路上，再落一子。　　5月12日，继昨日复牌大涨49.33%之后，港股京西国际(HK2339)再涨13.60%。两个交易日大涨近70%背后，京西国际的控股权或将易主立讯精密。　　此前，京西国际于4月8日停牌。约一个月后，5月10日，京西国际公告，3月31日，其控股股东京西智行集团与立讯精密订立买卖协议，立讯精密有条件同意收购京西智行集团的全部股权。京西智行集团透过其全资附属公司持有京西国际已发行股份总数约59.50%。若交易完成，立讯精密将间接持有京西国际59.50%股份，并成为其最终控股股东。　　公开资料显示，京西智行是一家全球化汽车悬架与制动系统一级供应商，公司成立于2009年，前身为京西重工，通过收购德尔福全球底盘悬架及制动系统业务，承袭了代顿工程实验室公司（Delco）和德尔福（Delphi）逾百年的底盘技术积淀。2025年，公司正式启用“京西智行”作为全球统一中文名称，从传统汽车零部件供应商向智能出行解决方案服务商战略转型。　　立讯精密拟控股京西智行是其在汽车领域的又一重要布局。　　作为消费电子龙头，立讯精密因其苹果核心供应商的身份而备受外界关注，围绕全球消费电子巨头苹果这一大客户，立讯精密的业务版图持续扩张，涵盖手机、平板、电脑、手表、耳机等众多消费电子产品。　　回顾立讯精密成为消费电子“代工之王”的发展路径，其版图扩张与规模跃迁背后，是对消费电子产业链上众多公司的持续并购。与此同时，立讯精密将这一套打法“复制”到了汽车电子领域。　　2012年，立讯精密收购源光电装55%股权，正式切入汽车电子赛道，布局汽车连接器与线束；随后在2013年收购德国Suk公司，进一步进入汽车配件领域。2017年，立讯精密控股股东收购德国采埃孚(ZF)车身控制系统事业部；2022年，立讯精密与奇瑞新能源共同组建合资公司，专业从事新能源汽车的整车研发及制造。　　近年来，立讯精密进一步强化汽车领域布局，于2024年宣布收购德国汽车零部件供应商莱尼（Leoni）及其全资子公司，并历时仅一年收购了这家欧洲第一、全球第四的汽车线束供应商的多数股权。近期，有消息称，立讯精密已大幅增持莱尼股权，将持股比例提升至74.9%。　　这一跨国重组为立讯精密带来多重利好，包括制造赋能与降本增效、产能复用与护航出海、供应链采购协同及客户矩阵全维拓宽。作为全球头部汽车线束Tier 1厂商，莱尼集团遍布全球的成熟产能网络、其自带的庞大基础物料采购体量、与海外主流车企的深层合作关系，都将显著提升立讯精密汽车业务的市场竞争力。　　从业绩表现来看，汽车电子业务是立讯精密2025年最大的亮点，实现营收392.55亿元，同比大增185.34%，远超消费电子、通讯及数据中心、其他业务的同比增幅。汽车电子业务的营收占比从2024年的5.12%提升至11.81%，已经成长为“第二增长曲线”。　　在5月6日的业绩说明会上，对于汽车业务的客户拓展与业绩增量，立讯精密高管表示：“Leoni 助力是明显的，可以说有点超预期。”（文章来源：国际金融报）,http://finance.eastmoney.com/a/202605123734728330.html
东方财富-界面新闻,2026-05-13 16:51:13,立讯精密今日大宗交易成交397万股，成交额3亿元,5月13日，立讯精密大宗交易成交397万股，成交额3亿元，占当日总成交额的1.64%，成交均价75.53元，较市场收盘价80.15元折价5.76%，其中最高成交价80.15元，最低成交价74.87元。 （文章来源：界面新闻）,http://finance.eastmoney.com/a/202605133735954987.html
东方财富-中国经营报,2026-05-10 23:35:48,立讯精密或入主京西国际,5月10日晚，京西国际(2339.HK）发布公告，披露其控股股东潜在股权变动及恢复买卖安排，消费电子龙头立讯精密（002475.SZ）将通过收购控股股东股权，间接拿下京西国际约59.50% 股份，有望成为其最终控股股东。　　公告显示，2026年3月31日，卖方、担保人、立讯精密与京西智行集团订立买卖协议。根据协议，立讯精密有条件同意收购京西智行集团的全部股权。京西智行集团目前持有京西智行（北京）汽车电子科技有限公司超过50%的已发行具表决权股份，后者通过其全资附属公司共持有768916419股京西国际股份，占已发行股份总数约59.50%。　　如果该潜在收购事项得以实现，立讯精密将间接持有京西国际已发行股份总数的59.50%，间接控股京西国际。　　据悉，京西国际自4月8 日起暂停买卖，已申请自5月11日上午9时起在联交所恢复买卖。　　《中国经营报》记者留意到，本次股权整合，是立讯精密继布局德国莱尼等汽车零部件资产后，又一重要资本动作，有望强化其在汽车电子及精密制造领域的全球化布局。（文章来源：中国经营报）,http://finance.eastmoney.com/a/202605103732451898.html
东方财富-证券时报网,2026-05-12 17:13:00,立讯精密5月12日大宗交易成交1157.85万元,立讯精密5月12日大宗交易平台出现一笔成交，成交量15.00万股，成交金额1157.85万元，大宗交易成交价为77.19元。该笔交易的买卖双方均为机构专用席位。　　进一步统计，近3个月内该股累计发生6笔大宗交易，合计成交金额为11.54亿元。　　证券时报·数据宝统计显示，立讯精密今日收盘价为77.19元，上涨1.49%，日换手率为2.72%，成交额为152.70亿元，全天主力资金净流入2.48亿元，近5日该股累计上涨15.21%，近5日资金合计净流入19.01亿元。　　两融数据显示，该股最新融资余额为80.66亿元，近5日增加4.97亿元，增幅为6.57%。　　机构评级来看，近5日共有4家机构给予该股评级，预计目标价最高的是招商证券，5月12日招商证券发布的研报预计公司目标价为90.00元。（数据宝）　　5月12日立讯精密大宗交易一览 成交量（万股）成交金额（万元）成交价格（元）相对当日收盘折溢价（%） 买方营业部卖方营业部15.001157.8577.190.00机构专用机构专用　　注：本文系新闻报道，不构成投资建议，股市有风险，投资需谨慎。 （文章来源：证券时报网）,http://finance.eastmoney.com/a/202605123734544951.html
东方财富-中国经营报,2026-05-12 19:53:09,京西国际年亏3000万复牌暴涨 立讯精密称拟控股旨在长期整合,"5月11日，停牌逾一个月的京西国际（02339.HK）复牌，开盘即暴涨83%至8.2港元/股，随后股价在盘中回落，当日收报6.69港元/股，涨49.33%。5月12日股价强势延续，收盘报7.6港元/股，涨13.6%。　　同日，立讯精密（002475.SZ）A股开盘股价报75.5元/股，盘中一度触及78.42元的历史新高，当日收报76.06元/股，总市值达5542亿元。5月12日，立讯精密也继续上涨，收盘价为77.19 元/股，涨幅1.49%。　　这一资本市场反应背后，指向同一起事件：此前京西国际发布公告，消费电子龙头立讯精密计划通过收购京西智行集团股权，从而间接控股京西国际约59.5%的股份，成为最终控股股东。　　事实上，《中国经营报》记者留意到，京西国际停牌期间，市场就已传出立讯精密将收购京西智行来补全智能底盘业务的消息了。　　尽管京西国际发布的公告未披露股权协议的具体细节，但记者从接近立讯精密的相关人士处获悉，立讯精密的此番动作并不仅限于财务控股投资层面，其战略协调意义更为突出，是立讯精密整体业务布局与能力拼图中的重要一环。　　记者亦留意到，这次出手是，立讯精密距2025年7月完成对德国百年汽车线束巨头莱尼集团的收购尚不足一年的再次出手。　　易主在即成色几何？　　5月10日晚，京西国际发布公告称，获控股股东京西智行集团告知，2026年3月31日，卖方（张家口慧投、张家口聚鑫、张家口睿投及张家口智投）、担保人、立讯精密与京西智行集团订立买卖协议。根据协议，立讯精密有条件同意收购京西智行集团的全部股权。京西智行集团目前持有京西智行（北京）汽车电子科技有限公司（以下简称“京西智行”）超过50%的已发行具表决权股份，后者通过其全资附属公司共持有768,916,419股京西国际股份，占已发行股份总数约59.50%。　　如果该潜在收购事项得以实现，立讯精密将间接持有京西国际已发行股份总数的59.50%，间接控股京西国际。　　据了解，京西国际的背景不俗，其控股母公司京西智行是国内智能底盘悬架与制动系统领域颇具实力的玩家。为宝马、通用、大众等全球主流车企提供智能底盘产品。　　公司前身可追溯到2009年。当时，京西重工收购了德尔福（Delphi）的底盘业务，由此掌握了磁流变悬架技术的核心专利与生产线。据公开信息，京西智行手握的MagneRide磁流变悬架系统堪称业内“黑科技”，支持每秒1000次主动调节，磁流变液反应时间达0.5毫秒。公司拥有中国专利数十项、全球专利140余项，是全球唯一量产上车的第四代磁流变技术拥有者。2025年，京西智行以国产化布局积极推动磁流变悬架技术平权，全年在中国市场累计斩获50亿元订单。　　然而，拿下技术并不等于拿下利润，从经营数据来看，京西国际仍面临业绩挑战，2025年实现营业收入29.68亿港元（折合人民币约25.76亿元），同比增长6.97%；归母净亏损4190.8万港元（折合人民币约亏损3638万元），较2024年亏损1.28亿港元大幅收窄67.25%。尽管亏损幅度大幅缩减，但仍未走出亏损区间。　　此外，毛利率方面，京西国际亦承压，2025年毛利率从2024年的16.5%下滑至11.4%，毛利从4.58亿港元降至3.38亿港元，同比减少26.3%。　　据年报披露，京西国际2025年亏损未能转正的原因在于其捷克厂房关闭产生巨额一次性成本。2025年6月京西国际宣布计划分阶段关闭位于捷克的厂房。此外，该厂房产能利用率偏低导致的毛利率大幅下滑。管理层预计捷克厂房关闭将于2026年第二季度末前完成，长远来看将提升公司产能利用率、降低制造成本，有望改善未来业绩。　　收购背后早埋伏笔　　值得注意的是，本次交易的披露权主要落在京西国际的港股公告上，而立讯精密在A股并未同步发出独立的收购公告。　　5月11日上午，记者以投资者身份致电立讯精密投资者关系部，相关工作人员回应，“公司一直严格按照监管规定进行披露，从这次并购按规模来看，没有达到深交所规则的披露标准，所以我们没有发布公告”。　　尽管在资本市场上低调处理，但立讯精密在产业层面的意图却十分明显。“这是一家历史比较悠久的汽车智能底盘公司，对我们来说是补齐短板。”立讯精密投资者关系部相关工作人员明确表示，此次收购并非单纯的财务投资，而是有长期的整合意图，尽管目标公司当前财务表现较弱，但后续公司也有清晰的整改计划。　　对立讯精密而言，收购京西国际也是其汽车电子战略的一部分。　　近年来，立讯精密在汽车领域频频落子。早在2011年立讯精密便成立汽车事业部，切入汽车线束、连接器等电子电器产品，又在2022年与奇瑞建立战略合作。2025年，立讯精密又耗资约41亿元人民币收购了线缆巨头莱尼。　　而从立讯精密自身整体业绩来看，其2025年也交出了一份亮眼成绩单。全年实现营业收入3323.44亿元，同比增长23.64%；归母净利润达166亿元，同比增长24.20%，营收与净利润增速均约24%。消费电子、汽车电子、通讯及数据中心是立讯精密的三大业务板块。分业务来看，2025年三大板块全部实现正增长。消费电子业务全年实现收入2642.66亿元，同比增长13.37%，占总营收比重79.52%，依然是最大基本盘。　　其中，汽车业务是立讯精密增速最快的板块，也已成为营收占比第二的板块。2025年全年营收达392.55亿元，同比增长185.34%，占总营收比重跃升至11.81%。管理层在业绩说明会直言，“莱尼整合非常顺利，业务成长也达预期。”　　记者留意到，立讯精密收购京西国际这一步棋的落子也并非毫无预兆。翻阅立讯精密2025年年度报告，在“汽车业务”板块中，一个此前并未集中亮相的产品线“智能底盘”赫然在列。立讯精密年报显示，公司布局的智能底盘产品涵盖半主动减震控制器、PPK（转向系统控制单元）、ARS（主动后轮转向系统）、EPS（电动助力转向系统）、EMB（线控制动系统）、VMC（底盘域控制器）、RWA＆SBW（线控转向）、全冗余REPS总成、滚珠丝杠总成、后轮转向总成等多个方向。　　立讯精密此前本来就有相关布局，为何又要再花重金布局汽车底盘业务呢？　　一位接近立讯精密的相关人士向记者表示：“智能底盘分为X、Y、Z三个轴，分别对应转向、悬架、制动。后面这两个虽然立讯精密也有布局，但发现技术门槛比较高，还需要一些能力沉淀。所以立讯精密也在找外延机会，来快速补足能力拼图。”　　此外，“京西智行非常有亮点的一个产品就是‘磁流变悬架’。相比于现有的悬架方案，这个产品具有很多舒适性以及精准调节方面的优势。”该人士对此说道。可见，立讯精密亦看上了京西国际的悬架方案亮点。　　“智能底盘是目前智能电动车硬件中少有的仍具有较大发展潜力的系统。”汽车行业资深分析师朱自清亦对记者分析，本次收购有利于立讯精密在汽车智能底盘领域形成新的高竞争力产品序列，与此同时，汽车行业竞争加剧，缺乏竞争力的企业将不断出清，并购将成为常态。（文章来源：中国经营报）",http://finance.eastmoney.com/a/202605123734700661.html
东方财富-中国经营报,2026-05-11 14:22:09,立讯精密或控股 京西国际开盘暴涨83%,5月11日，京西国际（02339.HK）在香港联交所复牌，开盘股价报8.2港元/股，高开涨至83%，截至记者发稿，股价有所回落，但仍有大幅上涨。　　消息层面，5月10日晚，京西国际发布公告，披露其控股股东潜在股权变动及恢复买卖安排，消费电子龙头立讯精密（002475.SZ）将通过收购控股股东京西智行集团股权，间接拿下京西国际约59.50%股份。　　公告显示，2026年3月31日，卖方、担保人、立讯精密与京西智行集团订立买卖协议。根据协议，立讯精密有条件同意收购京西智行集团的全部股权。京西智行集团目前持有京西智行（北京）汽车电子科技有限公司超过50%的已发行具表决权股份，后者通过其全资附属公司共持有768916419股京西国际股份，占已发行股份总数约59.50%。　　如果该潜在收购事项得以实现，立讯精密将间接持有京西国际已发行股份总数的59.50%，间接控股京西国际。　　据了解，京西国际的控股股东京西智行，是国内智能底盘悬架与制动系统领域颇具实力的玩家，为宝马、通用、大众等全球主流车企提供智能底盘产品。　　接近立讯精密相关人士对《中国经营报》记者表示：“此次股权整合，是立讯精密继布局德国莱尼等汽车零部件资产后，又一重要资本动作，是立讯精密业务布局和能力拼图的其中一环。”　　记者亦留意到，与此同时，收购方立讯精密股价亦高开，开盘报75.5元/股，股价一度冲高至78.42元/股，创出历史新高，总市值突破5500亿元，截至记者发稿，股价有所回落。（文章来源：中国经营报）,http://finance.eastmoney.com/a/202605113732975152.html
东方财富-上海证券报·中国证券网,2026-05-12 10:24:49,港股异动 | 立讯精密或控股 京西国际一度涨超13%,上证报中国证券网讯（记者刘逸鹏）5月12日，京西国际一度涨超13%，截至9时55分，股价有所回落，涨8.97%，报7.29港元/股。　　消息面上，5月10日，京西国际发布公告，控股股东京西智行集团于2026年3月31日与立讯精密签订了买卖协议，立讯精密有条件同意收购京西智行集团的全部股权。　　根据公告，京西智行集团持有京西智行（北京）汽车电子科技有限公司的表决权股份超过50%，相当于已发行股份总数约59.50%。京西北京通过其全资附属公司持有约7.69亿股股份，占已发行股份总数的约59.50%。　　如果该潜在收购事项得以实现，立讯精密将间接持有京西国际已发行股份总数的59.50%，并成为京西国际的最终控股股东。（文章来源：上海证券报·中国证券网）,http://finance.eastmoney.com/a/202605123734198817.html
东方财富-每日经济新闻,2026-05-13 08:01:31,傅鹏博、谢治宇现身立讯精密业绩说明会；公募机构五星评级阵营大洗牌,｜2026年5月13日星期三｜　　NO.1 多只ETF昨日停牌一小时　　5月12日，中韩半导体ETF华泰柏瑞、纳指科技ETF景顺、恒生红利低波ETF易方达于开市起停牌一小时。此外，全球芯片LOF也同步停牌一小时。　　昨日复盘后，中韩半导体ETF华泰柏瑞冲高回落，收跌0.64%；纳指科技ETF景顺震荡走低，收跌1.51%。　　据统计，今年以来，华泰柏瑞基金已针对中韩半导体ETF华泰柏瑞发布了138次溢价风险提示，并申请了37次临时停牌，向市场反复警示追高风险。　　NO.2 今年前4个月超九成债券基金上涨　　同花顺数据显示，在有可比业绩的7542只（份额分开计算）债券型基金中，今年前4个月业绩上涨的共有7391只，占比为98%；下跌债基仅有128只，另有23只持平。　　具体而言，有30只债券基金在今年前4个月上涨超过10%，最高达到14.19%。而在下跌的产品中，业绩排在末尾的为下跌6.75%。　　NO.3 公募机构五星评级阵营大洗牌　　济安金信基金评价中心最新发布的《2026年第一季度公募基金公司评级报告》显示，一季度满足三年期评级年限并获得综合评级的基金管理机构共154家，其中在各单项类型产品管理能力评价中获得五星评级的基金公司达73家；五年期维度下，142家参评机构中五星评级家次为58家。　　值得关注的是，本次五星评级名单出现大规模“调入调出”：新晋机构如财通基金在二级债、混合型、封闭式三个类型同时晋级五星，而兴证全球基金等老牌公司却在混合型三年期评级中黯然退场。　　NO.4 傅鹏博、谢治宇现身立讯精密业绩说明会　　近日，兴全基金谢治宇及乔迁、睿远基金傅鹏博及赵枫、东方红资产管理周云、大成基金齐炜中、永赢基金任桀等多位知名基金经理，现身消费电子龙头立讯精密业绩说明会。　　值得一提的是，傅鹏博管理的睿远成长价值基金，已连续28个季度重仓立讯精密；谢治宇管理的兴全合润基金，截至2025年年末，连续7个季度重仓立讯精密。　　NO.5 葛兰减仓百济神州　　百济神州最新公布的前十大流通股东名单显示，葛兰管理的中欧医疗健康混合基金现身，截至一季度末，持股数量为181.27万股。　　2025年年报披露数据显示，截至2025年年末，中欧医疗健康混合基金持有百济神州411.22万股，不难发现该基金已在一季度减仓229.96万股。　　根据基金一季报披露信息，百济神州未进入该基金前十大重仓股序列。　　NO.6 上一交易日ETF行情复盘　　上一个交易日（5月12日），市场震荡调整，截至收盘，沪指跌0.25%，深成指跌0.47%，创业板指涨0.15%。沪深两市成交额3.24万亿元，较上一个交易日缩量2962亿元。板块方面，电力、电网设备等板块涨幅居前，而能源金属、农牧饲渔等板块回调居前。　　具体来看，科创半导体相关ETF涨幅居前，最高上涨3.76%。　　下跌方面，稀土ETF全线回调，最高下跌3.28%。（文章来源：每日经济新闻）,http://stock.eastmoney.com/a/202605133735189952.html
